Number,Text,Caption
1,"و من كتاب له ع إلى أهل الكوفة عند مسيره من المدينة إلى البصرة

مِنْ عَبْدِ اَللَّهِ عَلِيٍّ أَمِيرِ اَلْمُؤْمِنِينَ إِلَى أَهْلِ اَلْكُوفَةِ جَبْهَةِ اَلْأَنْصَارِ وَ سَنَامِ اَلْعَرَبِ أَمَّا بَعْدُ فَإِنِّي أُخْبِرُكُمْ عَنْ أَمْرِ عُثْمَانَ حَتَّى يَكُونَ سَمْعُهُ كَعِيَانِهِ إِنَّ اَلنَّاسَ طَعَنُوا عَلَيْهِ فَكُنْتُ رَجُلاً مِنَ اَلْمُهَاجِرِينَ أُكْثِرُ اِسْتِعْتَابَهُ وَ أُقِلُّ عِتَابَهُ وَ كَانَ طَلْحَةُ وَ اَلزُّبَيْرُ أَهْوَنُ سَيْرِهِمَا فِيهِ اَلْوَجِيفُ وَ أَرْفَقُ حِدَائِهِمَا اَلْعَنِيفُ وَ كَانَ مِنْ عَائِشَةَ فِيهِ فَلْتَةُ غَضَبٍ فَأُتِيحَ لَهُ قَوْمٌ فَقَتَلُوهُ وَ بَايَعَنِي اَلنَّاسُ غَيْرَ مُسْتَكْرَهِينَ وَ لاَ مُجْبَرِينَ بَلْ طَائِعِينَ مُخَيَّرِين

وَ اِعْلَمُوا أَنَّ دَارَ اَلْهِجْرَةِ قَدْ قَلَعَتْ بِأَهْلِهَا وَ قَلَعُوا بِهَا وَ جَاشَتْ جَيْشَ اَلْمِرْجَلِ وَ قَامَتِ اَلْفِتْنَةُ عَلَى اَلْقُطْبِ فَأَسْرِعُوا إِلَى أَمِيرِكُمْ وَ بَادِرُوا جِهَادَ عَدُوِّكُمْ إِنْ شَاءَ اَللَّهُ عَزَّ وَ جَل",نامه
2,"و من كتاب له ع إليهم بعد فتح البصرة
وَ جَزَاكُمُ اَللَّهُ مِنْ أَهْلِ مِصْرٍ عَنْ أَهْلِ بَيْتِ نَبِيِّكُمْ أَحْسَنَ مَا يَجْزِي اَلْعَامِلِينَ بِطَاعَتِهِ وَ اَلشَّاكِرِينَ لِنِعْمَتِهِ فَقَدْ سَمِعْتُمْ وَ أَطَعْتُمْ وَ دُعِيتُمْ فَأَجَبْتُم",نامه
3,"و من كتاب له ع لشريح بن الحارث قاضيه

وَ رُوِيَ أَنَّ شُرَيْحَ بْنَ اَلْحَارِثِ قَاضِيَ أَمِيرِ اَلْمُؤْمِنِينَ ع اِشْتَرَى عَلَى عَهْدِهِ دَاراً بِثَمَانِينَ دِينَاراً فَبَلَغَهُ ذَلِكَ فَاسْتَدْعَى شُرَيْحاً وَ قَالَ لَهُ بَلَغَنِي أَنَّكَ اِبْتَعْتَ دَاراً بِثَمَانِينَ دِينَاراً وَ كَتَبْتَ لَهَا كِتَاباً وَ أَشْهَدْتَ فِيهِ شُهُوداً فَقَالَ لَهُ شُرَيْحٌ قَدْ كَانَ ذَلِكَ يَا أَمِيرَ اَلْمُؤْمِنِينَ قَالَ فَنَظَرَ إِلَيْهِ نَظَرَ اَلْمُغْضَبِ ثُمَّ قَالَ لَهُ يَا شُرَيْحُ أَمَا إِنَّهُ سَيَأْتِيكَ مَنْ لاَ يَنْظُرُ فِي كِتَابِكَ وَ لاَ يَسْأَلُكَ عَنْ بَيِّنَتِكَ حَتَّى يُخْرِجَكَ مِنْهَا شَاخِصاً وَ يُسْلِمَكَ إِلَى قَبْرِكَ خَالِصاً فَانْظُرْ يَا شُرَيْحُ لاَ تَكُونُ اِبْتَعْتَ هَذِهِ اَلدَّارَ مِنْ غَيْرِ مَالِكَ أَوْ نَقَدْتَ اَلثَّمَنَ مِنْ غَيْرِ حَلاَلِكَ فَإِذَا أَنْتَ قَدْ خَسِرْتَ دَارَ اَلدُّنْيَا وَ دَارَ اَلْآخِرَةِ أَمَا إِنَّكَ لَوْ كُنْتَ أَتَيْتَنِي عِنْدَ شِرَائِكَ مَا اِشْتَرَيْتَ لَكَتَبْتُ لَكَ كِتَاباً عَلَى هَذِهِ اَلنُّسْخَةِ فَلَمْ تَرْغَبْ فِي شِرَاءِ هَذِهِ اَلدَّارِ بِدِرْهَمٍ فَمَا فَوْقُ وَ اَلنُّسْخَةُ هَذِهِ هَذَا مَا اِشْتَرَى عَبْدٌ ذَلِيلٌ مِنْ مَيِّتٍ قَدْ أُزْعِجَ لِلرَّحِيلِ اِشْتَرَى مِنْهُ دَاراً مِنْ دَارِ اَلْغُرُورِ مِنْ جَانِبِ اَلْفَانِينَ وَ خِطَّةِ اَلْهَالِكِينَ وَ تَجْمَعُ هَذِهِ اَلدَّارَ حُدُودٌ أَرْبَعَةٌ اَلْحَدُّ اَلْأَوَّلُ يَنْتَهِي إِلَى دَوَاعِي اَلْآفَاتِ وَ اَلْحَدُّ اَلثَّانِي يَنْتَهِي إِلَى دَوَاعِي اَلْمُصِيبَاتِ وَ اَلْحَدُّ اَلثَّالِثُ يَنْتَهِي إِلَى اَلْهَوَى اَلْمُرْدِي وَ اَلْحَدُّ اَلرَّابِعُ يَنْتَهِي إِلَى اَلشَّيْطَانِ اَلْمُغْوِي وَ فِيهِ يُشْرَعُ بَابُ هَذِهِ اَلدَّارِ اِشْتَرَى هَذَا اَلْمُغْتَرُّ بِالْأَمَلِ مِنْ هَذَا اَلْمُزْعَجِ بِالْأَجَلِ هَذِهِ اَلدَّارَ بِالْخُرُوجِ مِنْ عِزِّ اَلْقَنَاعَةِ وَ اَلدُّخُولِ فِي ذُلِّ اَلطَّلَبِ وَ اَلضَّرَاعَةِ فَمَا أَدْرَكَ هَذَا اَلْمُشْتَرِي فِيمَا اِشْتَرَى مِنْهُ مِنْ دَرَكٍ فَعَلَى مُبَلْبِلِ أَجْسَامِ اَلْمُلُوكِ وَ سَالِبِ نُفُوسِ اَلْجَبَابِرَةِ وَ مُزِيلِ مُلْكِ اَلْفَرَاعِنَةِ مِثْلِ كِسْرَى وَ قَيْصَرَ وَ تُبَّعٍ وَ حِمْيَرَ وَ مَنْ جَمَعَ اَلْمَالَ عَلَى اَلْمَالِ فَأَكْثَرَ وَ مَنْ بَنَى وَ شَيَّدَ وَ زَخْرَفَ وَ نَجَّدَ وَ اِدَّخَرَ وَ اِعْتَقَدَ وَ نَظَرَ بِزَعْمِهِ لِلْوَلَدِ إِشْخَاصُهُمْ جَمِيعاً إِلَى مَوْقِفِ اَلْعَرْضِ وَ اَلْحِسَابِ وَ مَوْضِعِ اَلثَّوَابِ وَ اَلْعِقَابِ إِذَا وَقَعَ اَلْأَمْرُ بِفَصْلِ اَلْقَضَاءِ وَ خَسِرَ هُنالِكَ اَلْمُبْطِلُونَ شَهِدَ عَلَى ذَلِكَ اَلْعَقْلُ إِذَا خَرَجَ مِنْ أَسْرِ اَلْهَوَى وَ سَلِمَ مِنْ عَلاَئِقِ اَلدُّنْيَا",نامه
4,"و من كتاب له ع إلى بعض أمراء جيشه

فَإِنْ عَادُوا إِلَى ظِلِّ اَلطَّاعَةِ فَذَاكَ اَلَّذِي نُحِبُّ وَإِنْ تَوَافَتِ اَلْأُمُورُ بِالْقَوْمِ إِلَى اَلشِّقَاقِ وَ اَلْعِصْيَانِ فَانْهَدْ بِمَنْ أَطَاعَكَ إِلَى مَنْ عَصَاكَ وَاِسْتَغْنِ بِمَنِ اِنْقَادَ مَعَكَ عَمَّنْ تَقَاعَسَ عَنْكَ فَإِنَّ اَلْمُتَكَارِهَ مَغِيبُهُ خَيْرٌ مِنْ مَشْهَدِهِ وَ قُعُودُهُ أَغْنَى مِنْ نُهُوضِه",نامه
5,"و من كتاب له ع إلى أشعث بن قيس عامل أذربيجان

وَ إِنَّ عَمَلَكَ لَيْسَ لَكَ بِطُعْمَةٍ وَ لَكِنَّهُ فِي عُنُقِكَ أَمَانَةٌ وَ أَنْتَ مُسْتَرْعًى لِمَنْ فَوْقَكَ لَيْسَ لَكَ أَنْ تَفْتَاتَ فِي رَعِيَّةٍ وَ لاَ تُخَاطِرَ إِلاَّ بِوَثِيقَةٍ وَ فِي يَدَيْكَ مَالٌ مِنْ مَالِ اَللَّهِ عَزَّ وَ جَلَّ وَ أَنْتَ مِنْ خُزَّانِهِ حَتَّى تُسَلِّمَهُ إِلَيَّ وَ لَعَلِّي أَلاَّ أَكُونَ شَرَّ وُلاَتِكَ لَكَ. وَ اَلسَّلاَم",نامه
6,"و من كتاب له ع إلى معاوية

إِنَّهُ بَايَعَنِي اَلْقَوْمُ اَلَّذِينَ بَايَعُوا أَبَا بَكْرٍ وَعُمَرَ وَعُثْمَانَ عَلَى مَا بَايَعُوهُمْ عَلَيْهِ فَلَمْ يَكُنْ لِلشَّاهِدِ أَنْ يَخْتَارَ وَلاَ لِلْغَائِبِ أَنْ يَرُدَّ وَ إِنَّمَاالشُّورَى لِلْمُهَاجِرِينَ وَاَلْأَنْصَارِ فَإِنِ اِجْتَمَعُوا عَلَى رَجُلٍ وَ سَمَّوْهُ إِمَاماً كَانَ ذَلِكَ لِلَّهِ رِضًا فَإِنْ خَرَجَ عَنْ أَمْرِهِمْ خَارِجٌ بِطَعْنٍ أَوْ بِدْعَةٍ رَدُّوهُ إِلَى مَا خَرَجَ مِنْهُ فَإِنْ أَبَى قَاتَلُوهُ عَلَى اِتِّبَاعِهِ غَيْرَ سَبِيلِ اَلْمُؤْمِنِينَ وَ وَلاَّهُ اَللَّهُ مَا تَوَلَّى وَ لَعَمْرِي يَا مُعَاوِيَةُ لَئِنْ نَظَرْتَ بِعَقْلِكَ دُونَ هَوَاكَ لَتَجِدَنِّي أَبْرَأاَلنَّاسِ مِنْ دَمِ عُثْمَانَ وَ لَتَعْلَمَنَّ أَنِّي كُنْتُ فِي عُزْلَةٍ عَنْهُ إِلاَّ أَنْ تَتَجَنَّى فَتَجَنَّ مَا بَدَا لَكَ وَ اَلسَّلاَم",نامه
7,"و من كتاب منه ع إليه أيضا

أَمَّا بَعْدُ فَقَدْ أَتَتْنِي مِنْكَ مَوْعِظَةٌ مُوَصَّلَةٌ وَ رِسَالَةٌ مُحَبَّرَةٌ نَمَّقْتَهَا بِضَلاَلِكَ وَ أَمْضَيْتَهَا بِسُوءِ رَأْيِكَ وَ كِتَابُ اِمْرِئٍ لَيْسَ لَهُ بَصَرٌ يَهْدِيهِ وَ لاَ قَائِدٌ يُرْشِدُهُ قَدْ دَعَاهُ اَلْهَوَى فَأَجَابَهُ وَ قَادَهُ اَلضَّلاَلُ فَاتَّبَعَهُ فَهَجَرَ لاَغِطاً وَ ضَلَّ خَابِطاً.

وَ مِنْهُ

لِأَنَّهَا بَيْعَةٌ وَاحِدَةٌ لاَ يُثَنَّى فِيهَا اَلنَّظَرُ وَ لاَ يُسْتَأْنَفُ فِيهَا اَلْخِيَارُ اَلْخَارِجُ مِنْهَا طَاعِنٌ وَ اَلْمُرَوِّي فِيهَا مُدَاهِنٌ",نامه
8,"و من كتاب له ع إلى جرير بن عبد الله البجلي لما أرسله إلى معاوية

أَمَّا بَعْدُ فَإِذَا أَتَاكَ كِتَابِي فَاحْمِلْ مُعَاوِيَةَ عَلَى اَلْفَصْلِ وَ خُذْهُ بِالْأَمْرِ اَلْجَزْمِ ثُمَّ خَيِّرْهُ بَيْنَ حَرْبٍ مُجْلِيَةٍ أَوْ سِلْمٍ مُخْزِيَةٍ فَإِنِ اِخْتَارَ اَلْحَرْبَ فَانْبِذْ إِلَيْهِ وَ إِنِ اِخْتَارَ اَلسِّلْمَ فَخُذْ بَيْعَتَهُ. وَ اَلسَّلاَمُ",نامه
9,"و من كتاب له ع إلى معاوية

فَأَرَادَ قَوْمُنَا قَتْلَ نَبِيِّنَا وَاجْتِيَاحَ أَصْلِنَا وَهَمُّوا بِنَا الْهُمُومَ وَ فَعَلُوا بِنَا اَلْأَفَاعِيلَ وَمَنَعُونَا الْعَذْبَ وَأَحْلَسُونَا اَلْخَوْفَ وَاِضْطَرُّونَا إِلَى جَبَلٍ وَعْرٍ وَأَوْقَدُوا لَنَا نَارَ اَلْحَرْبِ فَعَزَمَ اَللَّهُ لَنَا عَلَى اَلذَّبِّ عَنْ حَوْزَتِهِ وَالرَّمْيِ مِنْ وَرَاءِ حُرْمَتِهِ مُؤْمِنُنَا يَبْغِي بِذَلِكَ اَلْأَجْرَ وَ كَافِرُنَا يُحَامِي عَنِ اَلْأَصْلِ وَ مَنْ أَسْلَمَ مِنْ قُرَيْشٍ خِلْوٌ مِمَّا نَحْنُ فِيهِ بِحِلْفٍ يَمْنَعُهُ أَوْ عَشِيرَةٍ تَقُومُ دُونَهُ فَهُوَ مِنَ اَلْقَتْلِ بِمَكَانِ أَمْنٍ وَكَانَ رَسُولُ اَللَّهِ ص إِذَا اِحْمَرَّ الْبَأْسُ وَ أَحْجَمَ اَلنَّاسُ قَدَّمَ أَهْلَ بَيْتِهِ فَوَقَى بِهِمْ أَصْحَابَهُ حَرَّ اَلسُّيُوفِ وَ الْأَسِنَّةِ فَقُتِلَ عُبَيْدَةُ بْنُ الْحَارِثِ يَوْمَ بَدْرٍ وَ قُتِلَ حَمْزَةُ يَوْمَ أُحُدٍ وَ قُتِلَ جَعْفَرٌ يَوْمَ مُؤْتَةَ وَ أَرَادَ مَنْ لَوْ شِئْتُ ذَكَرْتُ اِسْمَهُ مِثْلَ الَّذِي أَرَادُوا مِنَ اَلشَّهَادَةِ وَ لَكِنَّ آجَالَهُمْ عُجِّلَتْ وَ مَنِيَّتَهُ أُجِّلَتْ فَيَا عَجَباً لِلدَّهْرِ إِذْ صِرْتُ يُقْرَنُ بِي مَنْ لَمْ يَسْعَ بِقَدَمِي وَ لَمْ تَكُنْ لَهُ كَسَابِقَتِي الَّتِي لاَ يُدْلِي أَحَدٌ بِمِثْلِهَا إِلاَّ أَنْ يَدَّعِيَ مُدَّعٍ مَا لاَ أَعْرِفُهُ وَ لاَ أَظُنُّ اَللَّهَ يَعْرِفُهُ وَ الْحَمْدُ لِلَّهِ عَلَى كُلِّ حَالٍ وَ أَمَّا مَا سَأَلْتَ مِنْ دَفْعِ قَتَلَةِ عُثْمَانَ إِلَيْكَ فَإِنِّي نَظَرْتُ فِي هَذَا اَلْأَمْرِ فَلَمْ أَرَهُ يَسَعُنِي دَفْعُهُمْ إِلَيْكَ وَلاَ إِلَى غَيْرِكَ وَلَعَمْرِي لَئِنْ لَمْ تَنْزِعْ عَنْ غَيِّكَ وَ شِقَاقِكَ لَتَعْرِفَنَّهُمْ عَنْ قَلِيلٍ يَطْلُبُونَكَ لاَ يُكَلِّفُونَكَ طَلَبَهُمْ فِي بَرٍّ وَ لاَ بَحْرٍ وَلاجَبَلٍ وَلاَ سَهْلٍ إِلاَّ أَنَّهُ طَلَبٌ يَسُوءُكَ وِجْدَانُهُ وَ زَوْرٌ لاَ يَسُرُّكَ لُقْيَانُهُ وَ اَلسَّلاَمُ لِأَهْلِه",نامه
10,"و من كتاب له ع إليه أيضا

وَ كَيْفَ أَنْتَ صَانِعٌ إِذَا تَكَشَّفَتْ عَنْكَ جَلاَبِيبُ مَا أَنْتَ فِيهِ مِنْ دُنْيَا قَدْ تَبَهَّجَتْ بِزِينَتِهَا وَ خَدَعَتْ بِلَذَّتِهَا دَعَتْكَ فَأَجَبْتَهَا وَ قَادَتْكَ فَاتَّبَعْتَهَا وَ أَمَرَتْكَ فَأَطَعْتَهَا وَ إِنَّهُ يُوشِكُ أَنْ يَقِفَكَ وَاقِفٌ عَلَى مَا لاَ يُنْجِيكَ مِنْهُ مِجَنٌّ فَاقْعَسْ عَنْ هَذَا الْأَمْرِ وَ خُذْ أُهْبَةَ اَلْحِسَابِ وَ شَمِّرْ لِمَا قَدْ نَزَلَ بِكَ وَ لاَ تُمَكِّنِ اَلْغُوَاةَ مِنْ سَمْعِكَ وَ إِلاَّ تَفْعَلْ أُعْلِمْكَ مَا أَغْفَلْتَ مِنْ نَفْسِكَ فَإِنَّكَ مُتْرَفٌ قَدْ أَخَذَ اَلشَّيْطَانُ مِنْكَ مَأْخَذَهُ وَ بَلَغَ فِيكَ أَمَلَهُ وَ جَرَى مِنْكَ مَجْرَى اَلرُّوحِ وَ اَلدَّمِ وَ مَتَى كُنْتُمْ يَا مُعَاوِيَةُ سَاسَةَ اَلرَّعِيَّةِ وَ وُلاَةَ أَمْرِ الْاُمَّةِ بِغَيْرِ قَدَمٍ سَابِقٍ وَ لاَ شَرَفٍ بَاسِقٍ وَ نَعُوذُ بِاللَّهِ مِنْ لُزُومِ سَوَابِقِ الشَّقَاءِ وَ أُحَذِّرُكَ أَنْ تَكُونَ مُتَمَادِياً فِي غِرَّةِ اَلْأُمْنِيِّةِ مُخْتَلِفَ اَلْعَلاَنِيَةِ وَ اَلسَّرِيرَةِ وَ قَدْ دَعَوْتَ إِلَى الْحَرْبِ فَدَعِ اَلنَّاسَ جَانِباً وَ اُخْرُجْ إِلَيَّ وَأَعْفِ الْفَرِيقَيْنِ مِنَ الْقِتَالِ لِتَعْلَمَ أَيُّنَا الْمَرِينُ عَلَى قَلْبِهِ وَالْمُغَطَّى عَلَى بَصَرِهِ فَأَنَا أَبُوحَسَنٍ قَاتِلُ جَدِّكَ وَ أَخِيكَ وَ خَالِكَ شَدْخاً يَوْمَ بَدْرٍ وَ ذَلِكَ السَّيْفُ مَعِي وَ بِذَلِكَ الْقَلْبِ أَلْقَى عَدُوِّي مَا اِسْتَبْدَلْتُ دِيناًوَلاَ اِسْتَحْدَثْتُ نَبِيّاً وَإِنِّي لَعَلَى الْمِنْهَاجِ اَلَّذِي تَرَكْتُمُوهُ طَائِعِينَ وَدَخَلْتُمْ فِيهِ مُكْرَهِينَ وَ زَعَمْتَ أَنَّكَ جِئْتَ ثَائِراً بِدَمِ عُثْمَانَ وَلَقَدْ عَلِمْتَ حَيْثُ وَقَعَ دَمُ عُثْمَانَ فَاطْلُبْهُ مِنْ هُنَاكَ إِنْ كُنْتَ طَالِباً فَكَأَنِّي قَدْ رَأَيْتُكَ تَضِجُّ مِنَ الْحَرْبِ إِذَاعَضَّتْكَ ضَجِيجَ الْجِمَالِ بِالْأَثْقَالِ وَ كَأَنِّي بِجَمَاعَتِكَ تَدْعُونِي جَزَعاً مِنَ اَلضَّرْبِ الْمُتَتَابِعِ وَ الْقَضَاءِ الْوَاقِعِ وَ مَصَارِعَ بَعْدَ مَصَارِعَ إِلَى كِتَابِ اَللَّهِ وَ هِيَ كَافِرَةٌ جَاحِدَةٌ أَوْ مُبَايِعَةٌ حَائِدَة",نامه
11,"و من وصية له ع وصى بها جيشا بعثه إلى العدو

فَإِذَا نَزَلْتُمْ بِعَدُوٍّ أَوْ نَزَلَ بِكُمْ فَلْيَكُنْ مُعَسْكَرُكُمْ فِي قُبُلِ اَلْأَشْرَافِ أَوْ سِفَاحِ اَلْجِبَالِ أَوْ أَثْنَاءِ اَلْأَنْهَارِ كَيْمَا يَكُونَ لَكُمْ رِدْءاً وَدُونَكُمْ مَرَدّاً وَلْتَكُنْ مُقَاتَلَتُكُمْ مِنْ وَجْهٍ وَاحِدٍ أَوِاثْنَيْنِ وَ اِجْعَلُوا لَكُمْ رُقَبَاءَ فِي صَيَاصِي الْجِبَالِ وَ مَنَاكِبِ الْهِضَابِ لِئَلاَّ يَأْتِيَكُمُ اَلْعَدُوُّ مِنْ مَكَانِ مَخَافَةٍ أَوْ أَمْنٍ وَاعْلَمُوا أَنَّ مُقَدِّمَةَ الْقَوْمِ عُيُونُهُمْ وَ عُيُونَ اَلْمُقَدِّمَةِ طَلاَئِعُهُمْ وَ إِيَّاكُمْ وَ التَّفَرُّقَ فَإِذَا نَزَلْتُمْ فَانْزِلُواجَمِيعاً وَ إِذَا ارْتَحَلْتُمْ فَارْتَحِلُوا جَمِيعاً وَ إذَاغَشِيَكُمُ اَللَّيْلُ فَاجْعَلُواالرِّمَاحَ كِفَّةً وَ لاَ تَذُوقُواالنَّوْمَ إِلاَّ غِرَاراً أَوْ مَضْمَضَةً.",نامه
12,"و من وصية له ع وصى بها معقل بن قيس الرياحي حين أنفذه إلى الشام في ثلاثة آلاف مقدمة له

اِتَّقِ اَللَّهَ اَلَّذِي لاَ بُدَّ لَكَ مِنْ لِقَائِهِ وَ لاَ مُنْتَهَى لَكَ دُونَهُ وَ لاَ تُقَاتِلَنَّ إِلاَّ مَنْ قَاتَلَكَ وَ سِرِ اَلْبَرْدَيْنِ وَغَوِّرْ بِالنَّاسِ وَرَفِّهْ فِي اَلسَّيْرِ وَلاَ تَسِرْ أَوَّلَ اَللَّيْلِ فَإِنَّ اَللَّهَ جَعَلَهُ سَكَناً وَقَدَّرَهُ مُقَاماً لاَ ظَعْناً فَأَرِحْ فِيهِ بَدَنَكَ وَ رَوِّحْ ظَهْرَكَ فَإِذَا وَقَفْتَ حِينَ يَنْبَطِحُ اَلسَّحَرُ أَوْ حِينَ يَنْفَجِرُ اَلْفَجْرُ فَسِرْ عَلَى بَرَكَةِ اَللَّهِ فَإِذَا لَقِيتَ اَلْعَدُوَّ فَقِفْ مِنْ أَصْحَابِكَ وَسَطاً وَ لاَ تَدْنُ مِنَ اَلْقَوْمِ دُنُوَّ مَنْ يُرِيدُ أَنْ يُنْشِبَ اَلْحَرْبَ وَ لاتَبَاعَدْ عَنْهُمْ تَبَاعُدَ مَنْ يَهَابُ اَلْبَأْسَ حَتَّى يَأْتِيَكَ أَمْرِي وَ لاَ يَحْمِلَنَّكُمُ شَنَآنُهُمْ عَلَى قِتَالِهِمْ قَبْلَ دُعَائِهِمْ وَ اَلْإِعْذَارِ إِلَيْهِمْ.",نامه
13,"و من كتاب له ع إلى أميرين من أمراء جيشه

وَ قَدْ أَمَّرْتُ عَلَيْكُمَا وَ عَلَى مَنْ فِي حَيِّزِكُمَا مَالِكَ بْنَ اَلْحَارِثِ اَلْأَشْتَرَ فَاسْمَعَا لَهُ وَ أَطِيعَا وَ اِجْعَلاَهُ دِرْعاً وَ مِجَنّاً فَإِنَّهُ مِمَّنْ لاَ يُخَافُ وَهْنُهُ وَلاسَقْطَتُهُ وَ لاَ بُطْؤُهُ عَمَّا اَلْإِسْرَاعُ إِلَيْهِ أَحْزَمُ وَ لاَ إِسْرَاعُهُ إِلَى مَا اَلْبُطْءُ عَنْهُ أَمْثَلُ.",نامه
14,"و من وصية له ع لعسكره قبل لقاء العدو بصفين

لاَ تُقَاتِلُوهُمْ حَتَّى يَبْدَءُوكُمْ فَإِنَّكُمْ بِحَمْدِ اَللَّهِ عَلَى حُجَّةٍ وَ تَرْكُكُمْ إِيَّاهُمْ حَتَّى يَبْدَءُوكُمْ حُجَّةٌ أُخْرَى لَكُمْ عَلَيْهِمْ فَإِذَا كَانَتِ الْهَزِيمَةُ بِإِذْنِ اَللَّهِ فَلاَ تَقْتُلُوا مُدْبِراً وَ لاَ تُصِيبُوا مُعْوِراً وَ لاَ تُجْهِزُوا عَلَى جَرِيحٍ وَلاَ تَهِيجُواالنِّسَاءَ بِأَذًى وَ إِنْ شَتَمْنَ أَعْرَاضَكُمْ وَ سَبَبْنَ أُمَرَاءَكُمْ فَإِنَّهُنَّ ضَعِيفَاتُ الْقُوَى وَالْأَنْفُسِ وَالْعُقُولِ إِنْ كُنَّا لَنُؤْمَرُ بِالْكَفِّ عَنْهُنَّ وَإِنَّهُنَّ لَمُشْرِكَاتٌ وَإِنْ كَانَ الرَّجُلُ لَيَتَنَاوَلُ الْمَرْأَةَ فِي الْجَاهِلِيَّةِ بِالْفَهْرِ أَوِ الْهِرَاوَةِ فَيُعَيَّرُ بِهَا وَعَقِبُهُ مِنْ بَعْدِهِ.",نامه
15,"و من دعاء له ع كان ع يقول إذا لقي العدو محاربا

اَللَّهُمَّ إِلَيْكَ أَفْضَتِ الْقُلُوبُ وَمُدَّتِ الْأَعْنَاقُ وَشَخَصَتِ الْأَبْصَارُ وَ نُقِلَتِ الْأَقْدَامُ وَأُنْضِيَتِ الْأَبْدَانُ اَللَّهُمَّ قَدْ صَرَّحَ مَكْنُونُ الشَّنَآنِ وَ جَاشَتْ مَرَاجِلُ الْأَضْغَانِ اَللَّهُمَّ إِنَّا نَشْكُو إِلَيْكَ غَيْبَةَ نَبِيِّنَا وَ كَثْرَةَ عَدُوِّنَا وَ تَشَتُّتَ أَهْوَائِنَا رَبَّنَا افْتَحْ بَيْنَنا وَ بَيْنَ قَوْمِنا بِالْحَقِّ وَ أَنْتَ خَيْرُ اَلْفاتِحِينَ.",نامه
16,"و كان يقول ع لأصحابه عند الحرب

لاَ تَشْتَدَّنَّ عَلَيْكُمْ فَرَّةٌ بَعْدَهَا كَرَّةٌ،وَلاَ جَوْلَةٌ بَعْدَهَا حَمْلَةٌ،وَ أعْطُوا اَلسُّيُوفَ حُقُوقَهَا، وَ وَطِّئُوا لِلْجُنُوبِ مَصَارِعَهَا،وَاُذْمُرُواأَنْفُسَكُمْ عَلَى اَلطَّعْنِ اَلدَّعْسِيِّ وَالضَّرْبِ الطِّلَحْفِيِّ وَأَمِيتُوا الْأَصْوَاتَ فَإِنَّهُ أَطْرَدُ لِلْفَشَلِ فَوَالَّذِي فَلَقَ الْحَبَّةَ وَ بَرَءَالنَّسَمَةَ مَا أَسْلَمُواوَ لَكِنِ اِسْتَسْلَمُوا وَأَسَرُّوا اَلْكُفْرَ فَلَمَّا وَجَدُوا أَعْوَاناً عَلَيْهِ أَظْهَرُوهُ.",نامه
17,"و من كتاب له ع إلى معاوية جوابا عن كتاب منه إليه

وَ أَمَّا طَلَبُكَ إِلَيَّ الشَّامَ فَإِنِّي لَمْ أَكُنْ لِأُعْطِيَكَ الْيَوْمَ مَا مَنَعْتُكَ أَمْسِ وَ أَمَّا قَوْلُكَ إِنَّ الْحَرْبَ قَدْ أَكَلَتِ الْعَرَبَ إِلاَّ حُشَاشَاتِ أَنْفُسٍ بَقِيَتْ أَلاَ وَمَنْ أَكَلَهُ اَلْحَقُّ فَإِلَى الْجَنَّةِ وَ مَنْ أَكَلَهُ الْبَاطِلُ فَإِلَى النَّارِ وَ أَمَّا اسْتِوَاؤُنَا فِي الْحَرْبِ وَ الرِّجَالِ فَلَسْتَ بِأَمْضَى عَلَى اَلشَّكِّ مِنِّي عَلَى الْيَقِينِ وَ لَيْسَ أَهْلُ الشَّامِ بِأَحْرَصَ عَلَى الدُّنْيَا مِنْ أَهْلِ الْعِرَاقِ عَلَى الْآخِرَةِ وَ أَمَّا قَوْلُكَ إِنَّا بَنُو عَبْدِمَنَافٍ فَكَذَلِكَ نَحْنُ وَلَكِنْ لَيْسَ أُمَيَّةُ كَهَاشِمٍ وَلاَ حَرْبٌ كَعَبْدِ الْمُطَّلِبِ وَ لاَ أَبُو سُفْيَانَ كَأَبِي طَالِبٍ وَلاَ الْمُهَاجِرُ كَالطَّلِيقِ وَلاَ الصَّرِيحُ كَاللَّصِيقِ وَلاَ الْمُحِقُّ كَالْمُبْطِلِ وَلاَ الْمُؤْمِنُ كَالْمُدْغِلِ وَ لَبِئْسَ الْخَلْفُ خَلْفٌ يَتْبَعُ سَلَفاً هَوَى فِي نَارِ جَهَنَّمَ وَ فِي أَيْدِينَا بَعْدُ فَضْلُ النُّبُوَّةِ اَلَّتِي أَذْلَلْنَا بِهَا الْعَزِيزَ وَ نَعَشْنَا بِهَا الذَّلِيلَ وَ لَمَّا أَدْخَلَ اَللَّهُ الْعَرَبَ فِي دِينِهِ أَفْوَاجاً وَ أَسْلَمَتْ لَهُ هَذِهِ الْأُمَّةُ طَوْعاً وَ كَرْهاً كُنْتُمْ مِمَّنْ دَخَلَ فِي الدِّينِ إِمَّا رَغْبَةً وَ إِمَّا رَهْبَةً عَلَى حِينَ فَازَ أَهْلُ اَلسَّبْقِ بِسَبْقِهِمْ وَذَهَبَ اَلْمُهَاجِرُونَ اَلْأَوَّلُونَ بِفَضْلِهِمْ فَلاَ تَجْعَلَنَّ لِلشَّيْطَانِ فِيكَ نَصِيباً وَ لاَ عَلَى نَفْسِكَ سَبِيلاً. وَ اَلسَّلاَمُ",نامه
18,"و من كتاب له ع إلى عبد الله بن عباس و هو عامله على البصرة

وَاعْلَمْ أَنَّ الْبَصْرَةَ مَهْبِطُ إِبْلِيسَ وَمَغْرِسُ الْفِتَنِ فَحَادِثْ أَهْلَهَا بِالْإِحْسَانِ إِلَيْهِمْ وَ اُحْلُلْ عُقْدَةَ الْخَوْفِ عَنْ قُلُوبِهِمْ وَ قَدْ بَلَغَنِي تَنَمُّرُكَ لِبَنِي تَمِيمٍ وَ غِلْظَتُك عَلَيْهِمْ وَ إِنَّ بَنِي تَمِيمٍ لَمْ يَغِبْ لَهُمْ نَجْمٌ إِلاَّ طَلَعَ لَهُمْ آخَرُ وَ إِنَّهُمْ لَمْ يُسْبَقُوا بِوَغْمٍ فِي جَاهِلِيَّةٍ وَ لاَ إِسْلاَمٍ وَ إِنَّ لَهُمْ بِنَا رَحِماً مَاسَّةً وَ قَرَابَةً خَاصَّةً نَحْنُ مَأْجُورُونَ عَلَى صِلَتِهَا وَ مَأْزُورُونَ عَلَى قَطِيعَتِهَا فَارْبَعْ أَبَا الْعَبَّاسِ رَحِمَكَ اَللَّهُ فِيمَا جَرَى عَلَى لِسَانِكَ وَ يَدِكَ مِنْ خَيْرٍ وَ شَرٍّ فَإِنَّا شَرِيكَانِ فِي ذَلِكَ وَ كُنْ عِنْدَ صَالِحِ ظَنِّي بِكَ وَ لاَ يَفِيلَنَّ رَأْيِي فِيكَ. وَ اَلسَّلاَمُ",نامه
19,"و من كتاب له ع إلى بعض عماله

أَمَّا بَعْدُ فَإِنَّ دَهَاقِينَ أَهْلِ بَلَدِكَ شَكَوْا مِنْكَ غِلْظَةً وَ قَسْوَةً وَ احْتِقَاراً وَ جَفْوَةً وَ نَظَرْتُ فَلَمْ أَرَهُمْ أَهْلاً لِأَنْ يُدْنَوْا لِشِرْكِهِمْ وَلاَ أَنْ يُقْصَوْا وَ يُجْفَوْا لِعَهْدِهِمْ فَالْبَسْ لَهُمْ جِلْبَاباً مِنَ اَللِّينِ تَشُوبُهُ بِطَرَفٍ مِنَ اَلشِّدَّةِ وَ دَاوِلْ لَهُمْ بَيْنَ اَلْقَسْوَةِ وَالرَّأْفَةِ وَ اُمْزُجْ لَهُمْ بَيْنَ اَلتَّقْرِيبِ وَالْإِدْنَاءِ وَ الْإِبْعَادِ وَالْإِقْصَاءِ إِنْ شَاءَ اَللَّهُ.",نامه
20,"و من كتاب له ع إلى زياد ابن أبيه و هو خليفة عامله عبد الله بن عباس على البصرة و عبد الله عامل أمير المؤمنين ع يومئذ عليها و على كور الأهواز و فارس و كرمان و غيرها

وَ إِنِّي أُقْسِمُ بِاللَّهِ قَسَماً صَادِقاً لَئِنْ بَلَغَنِي أَنَّكَ خُنْتَ مِنْ فَيْ‏ءِ الْمُسْلِمِينَ شَيْئاً صَغِيراً أَوْ كَبِيراً لَأَشُدَّنَّ عَلَيْكَ شَدَّةً تَدَعُكَ قَلِيلَ الْوَفْرِ ثَقِيلَ اَلظَّهْرِ ضَئِيلَ الْأَمْرِ. وَ اَلسَّلاَمُ",نامه
21,"و من کتاب له عليه السلام [4] الي زياد ايضا[5] فدع الاسراف مقتصدا ، واذکر في اليوم غدا ، [6] و امسک من المال بقدر ضرورتک ، و قدم الفضل ليوم حاجتک [7] اترجو ان يعطيک الله اجر المتواضعين و انت عنده من المتکبرين [8] و تطمع و انت متمرع في النعيم ، تمنعه الضعيف والارمله ان يوجب لک ثواب المتصدقين ? [9] و انما المرء مجزي بما اسلف وقادم علي ما قدم ، والسلام",نامه
22,"و من کتاب له عليه السلام [1] الي عبد الله بن العباس رحمه الله تعالي ، و کان عبد الله يقول :[[ما انفعت بکلام بعد کلام رسول الله صلي الله عليه و آله ، کانتفاعي بهذا الکلام ] ] [2] اما بعد ، فان المرء قد يسره درک ما لم يکن ليفوته و يسوؤه فوت ما لم يکن ليدرکه ، [3] فليکن سرورک بما نلت من آخرتک [4] و ليکن اسفک علي ما فاتک منها ، و ما نلت من دنياک فلا تکثر به فرحا ، [5] و ما فاتک منها فلا تاس عليه جزعا ، وليکن همک فيما بعد الموت",نامه
23,"و من کلام له عليه السلام [6] قاله قبل موته علي سبيل الوصيه لما ضربه ابن ملجم لعنه الله : [7] وصيتي لکم : ان لا تشرکوا بالله شيئا ، و محمد صلي الله عليه و آله فلا تضيعوا سنته [8] اقيموا هذين العمودين ، و اوقدوا هذين المصباحين ، و خلاکم ذم [9] انا بالامس صاحبکم ، واليوم عبره لکم ، و غدا مفارقکم [10] ان ابق فانا ولي دمي ، و ان افن فالفناء ميعادي ، و ان اعف فالعفو لي قربه ،[11] و هو لکم حسنه ، فاعفوا : [[ الا تحبون ان يغفر الله لکم ] ] [12] و الله ما فجاني من الموت وارد کرهته ، و لا طالع انکرته ، [1] و ما کنت الا کقارب ورد ، و طالب وجد ، [[ و ما عند الله خير للابرار ] ] [2] قال السيد الشريف رضي الله عنه : اقول : [[ و قد مضي بعض هذا الکلام فيما تقدم من الخطب ، الا ان فيه ها هنا زياده اوجبت تکريره ] ]",نامه
24,"و من وصيه له عليه السلام [3] بما يعمل في امواله ، کتبها بعد منصرفه من صفين : [4] هذا ما امر به عبدالله علي بن ابي طالب امير المؤمنين في ماله ، ابتغاء وجه الله ، [5] ليولجه به الجنه ، و يعطيه به الامنه [6] منها : فانه يقوم بذلک الحسن بن علي ياکل منه بالمعروف ، [7] و ينفق منه بالمعروف ، فان حدث بحسن حدث و حسين حي ، [8] قام بالامر بعده ، و اصدره مصدره [9] و ان لابني فاطمه من صدقه علي مثل الذي لبني علي ، [10] و اني انما جعلت القيام بذلک الي ابني فاطمه ابتغاء وجه الله ، [11] و قربه الي رسول الله صلي الله عليه و آله ، و تکريما لحرمته ، و تشريفا لوصلته [12] و يشترط علي الذي يجعله اليه ان يترک المال علي اصوله ، [13] و ينفق من ثمره حيث امر به وهدي له و الا يبيع من اولاد نخيل [14] هذه القري وديه حتي تشکل ارضها غراسا [1] و من کان من امامي اللاتي اطوف عليهن لها و لد ، او هي حامل ، [2] فتمسک علي ولدها و هي من حظه ، فان مات ولدها و هي حيه فهي عتيقه ، [3] قد افرج عنها الرق ، و حررها العتق [4] قال الشريف : قوله عليه السلام في هذه الوصيه : [[ و الا يبيع من نخلها وديه ] ] ، الوديه : و جمعها ودي و قوله عليه السلام : [[ حتي تشکل ارضها غراسا ] ] هو من افصح الکلام ، و المراد به ان الارض يکثر فيها غراس النخل حتي يراها الناظر علي غير تلک الصفه التي عرفها بها فيشکل عليه امرها و يحسبها غيرها",نامه
25,"و من وصيه له عليه السلام [5] کان يکتبها ان يستعمله علي الصدقات قال الشريف : و انما ذکرنا هنا جملا ليعلم بها انه عليه السلام کان يقيم عماد الحق ، و يشرع امثله العدل ، في صغير الامور و کبيرها و دقيقها و جليلها [6] انطلق علي تقوي الله وحده لا شريک له ، و لا تروعن مسلما [7] و لا تجتازن عليه کارها ، و لا تاخذن منه اکثر من حق الله في ماله ، [8] فاذا قدمت علي الحي فانزل بمائهم من غير ان تخالط ابياتهم ، [9] ثم امض اليهم بالسکينه والوقار ، حتي تقوم بينهم فتسلم عليهم ، [10] و لا تخدج بالتحيه لهم ، ثم تقول : عباد الله ، ارسلني اليکم ولي الله و خليفته ، [11] لاخذ منکم حق الله في اموالکم ، فهل لله في اموالکم من حق فتؤدوه الي وليه [12] فان قال قائل : لا فلا تراجعه ، [13] و ان انعم لک منعم فانطلق معه من غير ان تخيفه او توعده او تعسفه او ترهقه [1] فخذ ما اعطاک من ذهب او فضه ، فان کان له ماشيه او ابل فلا تدخلها الا باذنه [2] فان اکثرها له ، فاذا اتيتها فلا تدخل عليها دخول متسلط عليه و لا عنيف به [3] و لا تنفرن بهيمه و لا تفزعنها ، و لا تسوءن صاحبها فيها ، [4] واصدع المال صدعين ثم خيره ، فاذا اختار فلا تعرضن لما اختاره [5] ثم اصدع الباقي صدعين ، ثم خيره ، فاذا اختار فلا تعرضن لما اختاره [6] فلا تزال کذلک حتي يبقي ما فيه وفاء لحق الله في ماله ، فاقبض حق الله منه [7] فان استقالک فاقله ، ثم اخلطهما ثم اصنع مثل الذي صنعت اولا [8] حتي تاخذ حق الله في ماله و لا تاخذن عودا و لا هرمه و لا مکسوره و لا مهلوسه ، و ذات عوار ، [9] و لا تامنن عليها الا من تثق بدينه ، رافقا بمال المسلمين [10] حتي يوصله الي وليهم فيقسمه بينهم ، [11] و لا توکل بها الا ناصحا شفيقا و امينا حفيظا ، غير معنف و لا مجحف ، [12] و لا ملغب و لا متعب ثم احدر الينا ما اجتمع عندک [13] نصيره حيث امر الله به ، فاذا اخذها امينک فاوعز اليه الا يحول بين ناقه و بين فصيلها ، [14] و لا يمصر لبنها فيضر ذلک بولدها ، [15] و لا يجهدنها رکوبا ، وليعدل بين صواحباتها في ذلک و بينها ، [16] و ليرفه علي اللاغب ، وليستان بالنقب و الضالع [17] وليوردها ما تمر به من الغدر ، [18] و لا يعدل بها عن نبت الارض الي جواد الطرق ، وليروحها في الساعات ، [1] وليمهلها عند النطاف والاعشاب حتي تاتينا باذن الله بدنا منقيات ، [2] غير متعبات و لا مجهودات ، لنقسمها علي کتاب الله و سنه نبيه صلي الله عليه و آله [3] فان ذلک اعظم لاجرک ، و اقرب لرشدک ، ان شاء الله",نامه
26,"و من عهد له عليه السلام [4] الي بعض عماله و قد بعثه علي الصدقه [5] امره بتقوي الله في سرائر امره و خفيات عمله ، حيث لا شهيد غيره ، و لا وکيل دونه [6] و امره الا يعمل بشي ء من طاعه الله فيما ظهر فيخالف الي غيره فيما اسر ، [7] و من لم يختلف سره و علانيته ، و فعله و مقالته ، فقد ادي الامانه ، و اخلص العباده [8] و امره الا يجبههم و لا يعضههم ، و لا يرغب عنهم تفضلا بالاماره عليهم ، [9] فانهم الاخوان في الدين ، والاعوان علي استخراج الحقوق [10] و ان لک في هذه الصدقه نصيبا مفروضا ، و حقا معلوما ، [11] و شرکاء اهل مسکنه ، و ضعفاء ذوي فاقه ، و انا موفوک حقک ، فوفهم حقوقهم ، [12] و الا تفعل فانک من اکثر الناس خصوما يوم القيامه ،[1] و بؤسي لمن خصمه عند الله الفقراء والمساکين و السائلون والمدفوعون والغارمون و ابن السبيل [2] و من استهان بالامانه ، ورتع في الخيانه ، [3] و لم ينزه نفسه و دينه عنها ، فقد احل بنفسه الذل والخزي في الدنيا ، [4] و هو في الاخره اذل و اخزي و ان اعظم الخيانه خيانه الامه ، و افظع الغش غش الائمه ، والسلام",نامه
27,,نامه
28,"و من کتاب له عليه السلام [7] الي معاويه جوابا ، قال الشريف : و هو من محاسن الکتب [8] امابعد، فقداتاني کتابک تذکر فيه اصطفاء الله محمدا صلي الله عليه و آله لدينه [9] و تاييده اياه بمن ايده من اصحابه ،فلقد خبا لنا الدهر منک عجبا [10] اذ طفقت تخبرنا ببلاء الله تعالي عندنا ، [11] و نعمته علينا في نبينا ، فکنت في ذلک کناقل التمر الي هجر ، [12] او داعي مسدده الي النضالف [13] و زعمت ان افضل الناس في الاسلام فلان و فلان ، فذکرت امرا ان تم اعتز لک نهج البلاغه م 25 ] کله ، [1] و ان نقص لم يلحقک ثلمه و ما انت و الفاضل و المفضول ، و السائس والمسوس [2] و ما للطلقاء و ابناء الطلقاء ، و التمييز بين المهاجرين الاولين ، و ترتيب درجاتهم ، و تعريف طبقاتهم [3] هيهات لقدحن قدح ليس منها ، و طفق يحکم فيها من عليه الحکم لها [4] الا تربع ايها الانسان علي ظلعک ، و تعرف قصور ذرعک ، [5] و تتاخر حيث اخرک القدر فما عليک غلبه المغلوب ، و لا ظفر الظافر [6] و انک لذهاب في التيه ، رواغ عن القصد [7] الا تري غير مخبر لک و لکن بنعمه الله احدث انقوما استشهدوا في سبيل الله تعالي من المهاجرين و الانصار ، [8] و لکل فضل ، حتي اذا استشهد شهيدنا [9] قيل : سيد الشهداء ، و خصه رسول الله صلي الله عليه و آله بسبعين تکبيره عند صلاته عليه [10] او لا تري ان قوما قطعت ايديهم في سبيل الله و لکل فضل [11] حتي اذا فعل بواحدنا ما فعل بواحدهم ، قيل : [[ الطيار في الجنه و ذو الجناحين ] [12] و لو لا ما نهي الله عنه من تزکيه المرء نفسه ، لذکر ذاکر فضائل جمه ، [13] تعرفها قلوب المؤمنين ، و لاتمجها آذان السامعين [14] فدع عنک من مالت به الرميه فانا صنائع ربنا و الناس بعد صنائع لنا [15] لم يمنعنا قديم عزنا و لاعادي طولنا علي قومک ان خلطناکم بانفسنا ، [1] فنکحنا و انکحنا ، فعل الاکفاء و لستم هناک [2] و اني يکون ذلک و منا النبي و منکم المکذب ، و منا اسد الله و منکم اسد الاحلاف ، [3] و منا سيدا شبابا اهل الجنه و منکم صبيه النار، [4] ومنا خير نساء العالمين و منکم حماله الحطب في کثير مما لنا و عليکم [5] فاسلامنا قد سمع ، و جاهليتنا لاتدفع و کتاب الله يجمع لنا ما شذ عنا، [6] و هو قوله سبحانه و تعالي [[و اولو الارحام بعضهم اولي ببعض في کتاب الله ] ] [7] و قوله تعالي : ان اولي الناس بابراهيم للذين اتبعوه و هذا النبي و الذين آمنوا و الله و لي المؤمنين ] ] [8] فنحن مره اولي بالقرابه ، و تاره اولي بالطاعه و لما احتج المهاجرون علي الانصار يوم السقيفه [9] برسول الله صلي الله عليه و آله [فلجوا ] عليهم ، فان يکن الفلج به فالحق لنا دونکم ، [10] و ان يکن بغيره فالانصار علي دعواهم [11] و زعمت اني لکل الخلفاء حسدت ، و علي کلهم بغيت ، [12] فان يکن ذلک کذلک فليست الجنايه عليک ، فيکون العذر اليک [13] و تلک شکاه ظاهر عنک عارها [14] و قلت : اني کنت اقاد کما يقاد الجمل المخشوش حتي ابايع ، [1] و لعمر الله لقد اردت ان تذم فمدحت ، و ان تفضح فافتضحت [2] و ما علي المسلم من غضاضه في ان يکون مظلوما ما لم يکن شاکا في دينه ، و لامرتابا بيقينه [3] و هذه حجتي الي غيرک قصدها ، و لکني اطلقت لک منها بقدر ما سنح من ذکرها [4] ثم ذکرت ما کان من امري و امر عثمان ، فلک ان تجاب عن هذه لرحمک منه ، [5] فاينا کان اعدي له ، و اهدي الي مقاتله [6] امن بذل له نصرته فاستقعده و استکفه ، [7] ام من استنصره فتراخي عنه وبث المنون اليه حتي اتي قدره عليه [8] کلا و الله ل [[ قد يعلم الله المعوقين منکم و القائلين لاخوانهم هلم الينا و لاياتون الباس الا قليلا ] ] [9] و ما کنت لاعتذر من اني کنت انقم عليه احداثا، [10] فان کان الذنب اليه ارشادي و هدايتي له ، فرب ملوم لاذنب له [11] و قد يستفيد الظنه المتنصح [12] و ما اردت [[ الا الاصلاح ما استطعت ، و ما توفيقي الا بالله عليه توکلت و اليه انيب ] ] [13] و ذکرت انه ليس لي و لاصحابي عندک الا السيف ، فلقد اضحکت بعد استعبار [1] متي الفيت بني عبدالمطلب عن الاعداء ناکلين ، و بالسيف مخوفين ? [2] ف لبث قليلا يلحق الهيجا حمل [3] فسيطلبک من تطلب ، و يقرب منک ما تستبعد ، [4] و انا مرقل نحوک في جحفل ،من المهاجرين و الانصار ، و التابعين لهم باحسان ، [5] شديد زحامهم ، ساطع قتامهم [ 5 ، متسربلين سرابيل الموت ، [6] احب اللقاء اليهم لقاء ربهم ، و قد صحبتهم ذريه بدريه ، [7] و سيوف هاشميه ، قد عرفت مواقع نصالها في اخيک و خالک و جدک و اهلک [[ و ما هي من الظالمين ببعيد ] ]",نامه
29,"و من کتاب له عليه السلام [8] الي اهل البصره [9] و قد کان من انتشارحبلکم و شقاقکم ما لم تغبوا عنه ، [10] فعفوت عن مجرمکم و رفعت السيف عن مدبرکم ، و قبلت من مقبلکم [11] فان خطت بکم الامور المرديه ، وسفه الاراء الجائره [12] الي منابذتي و خلافي ، فهانذا قد قربت جيادي ، و رحلت رکابي [13] و لئن الجاتموني الي المسير اليکم [1] لاوقعن بکم وقعه لايکون يوم الجمل اليها الا کلعقه لاعق ، [2] مع اني عارف لذي الطاعه منکم فضله ، و لذي النصيحه حقه ، [3] غير متجاوز متهما الي بري ، و لا ناکثا الي وفي",نامه
30,"و من کتاب له عليه السلام [4] الي معاويه [5] فاتق الله فيما لديک ، و انظر في حقه عليک ، و ارجع الي معرفه ما لاتعذر بجهالته ، [6] فان للطاعه اعلاما واضحه ، وسبلا نيره ، و محجه نهجه ، و غايه مطلبه [7] يردها الاکياس ، و يخالفها الانکاس ، [8] من نکب عنها جار عن الحق ، [9] و خبط في التيه و غير الله نعمته ، احل به نقمته فنفسک نفسک [10] فقد بين الله لک سبيلک ، و حيث تناهت بک امورک ، [11] فقد اجريت الي غايه خسر ، و محله کفر ، فاان نفسک قد اولجتک شرا ، [12] و اقحمتک غيا و اوردتک المهالک ، و اوعرت عليک المسالک",نامه
31,"و من وصيه له عليه السلام [1] للحسن بن علي عليهما السلام ، کتبها اليه [[ بحاضرين ] ] عند انصرافه من صفين : [2] من الوالد الفان ، المقر للزمان [ 6 ، المدبر العمر المستسلم للدنيا ، [3] الساکن مساکن الموتي ، و الظاعن عنها غدا ، الي المولود المؤمل ما لايدرک ، [4] السالک سبيل من قد هلک ، غرض الاسقام ، [5] و رهينه الايام ، و رميه المصائب ، و عبد الدنيا ، و تاجر الغرور ،[6] و غريم المنايا ، و اسير الموت ، و حليف الهموم ، و قرين الاحزان ، [7] و نصب الافات ، و صريع الشهوات ، و خليفه الاموات [8] اما بعد ، فان فيما تبينت من ادبار الدنيا عني ، و جموح الدهر علي ، [9] و اقبال الاخره الي ، ما يزعني عن ذکر من سواي ، [10] و الاهتمام بما ورائي ، غير اني حيث تفرد بي [11] دون هموم الناس هم نفسي ، فصدفني رايي وصرفني عن هواي ،[12] وصرح لي محض امري ، فافضي بي الي جد لا يکون فيه لعب ، [13] وصدق لا يشوبه کذب ووجدتک بعضي ، بل وجدتک کلي ، [14] حتي کان شيئا لو اصابک اصابني ، و کان الموت لو اتاک اتاني ، فعناني من امرک ما يعنيني من امر نفسي ، [1] فکتبت اليک کتابي مستظهرا به ان انا بقيت لک او فنيت [2] فاني اوصيک بتقوي الله اي بني ولزوم امره ، و عماره قلبک بذکره ، والا عتصام بحبله [3] و اي سبب اوثق من سبب بينک و بين الله ان انت اخذت به [4] احي قلبک بالموعظه ، وامته بالزهاده ، وقوه باليقين ، ونوره بالحکمه ، [5] وذلله بذکر الموت ، وقرره بالفناء وبصره فجائع الدنيا ، [6] وحذره صوله الدهر وفحش تقلب الليالي والايام ، [7] واعرض عليه اخبار الماضين ، و ذکره بمااصاب من کان قبلک من الاولين ، [8] و صر في ديارهم و آثار هم ، فالنظر فيما فعلوا وعما انتقلوا ، [9] واين حلوا و نزلوا فانک تجدهم قد انتقلوا عن الاحبه ،[10] و حلوا ديار الغربه ، و کانک عن قليل قد صرت کاحد هم [11] فاصلح مثواک ، و لا تبع آخرتک بدنياک ، ودع القول فيما لا تعرف ، [12] و الخطاب فيما لم تکلف و امسک عن طريق اذا خفت ضلالته ، [13] فان الکف عند حيره الضلال خير من رکوب الاهوال [14] و امر بالمعروف تکن من اهله ، و انکر المنکر بيدک ولسانک ، وباين من فعله بجهدک ، [15] و جاهد في الله حق جهاده ، و لا تاخذک في الله لو مه لائم [1] وخض الغمرات للحق حيث کان ، و تفقه في الدين ، [2] و عود نفسک التصبر علي المکروه ، و نعم الخلق التصبر في الحق [3] و الجي ء نفسک في امورک کلها الي الهک ، فانک تلجئها الي کهف حريز ، و مانع عزيز [4] واخلص في المساله لربک ، فان بيده العطاء والحرمان ، [5] و اکثر الاستخاره ، وتفهم وصيتي ، ولا تذهبن عنک صفحا ، فان خير القول ما نفع [6] و اعلم انه لا خير في علم لا ينفع ، و لا ينتفع بعلم لا يحق تعلمه [7] اي بني ، اني لما رايتني قد بلغت سنا ، و رايتني ازداد و هنا ، [8] بادرت بوصيتي اليک ،و اوردت خصالا منها قبل ان يعجل بي اجلي دون ان افضي اليک بما في نفسي ، [9] او ان انقص في رايي کما نقصت في جسمي ، [10] او يسبقني اليک بعض غلبات الهوي و فتن الدنيا ، فتکون کالصعب النفور [11] و انما قلب الحدث کالارض الخاليه ما القي فيها من شي ء قبلته [12] فبادرتک بالادب قبل ان يقسو قلبک ، و يشتغل لبک ، [13] لتستقبل بجد رايک من الامر ما قد کفاک اهل التجارب بغيته و تجربته ، [14] فتکون قد کفيت مؤونه الطلب ، و عوفيت من علاج التجربه ، [15] فاتاک من ذلک ما قد کنا ناتيه ، و استبان لک ما ربما اظلم علينا منه [16] اي بني ، اني و ان لم اکن عمرت عمر من کان قبلي ، فقد نظرت في اعمالهم ، [1] و فکرت في اخبارهم ، و سرت في آثارهم ، حتي عدت کاحدهم ، [2] بل کاني بما انتهي الي من امورهم قد عمرت مع اولهم الي آخرهم ، [3] فعرفت صفو ذلک من کدره ، و نفعه من ضرره ، [4] فاستخلصت لک من کل امر نخيله ، و توخيت لک جميله ، [5] و صرفت عنک مجهوله ، و رايت حيث عناني من امرک ما يعني الوالد الشفيق ، [6] و اجمعت عليه من ادبک ان يکون ذلک و انت مقبل العمر و مقتبل الدهر ، [7] ذو نيه سليمه ، و نفس صافيه ، و ان ابتدئک بتعليم کتاب الله عز و جل و تاويله ، [8] و شرائع الاسلام و احکامه ، و حلاله و حرامه ، لا اجاوز ذلک بک الي غيره [9] ثم اشفقت ان يلتبس عليک ما اختلف الناس فيه من اهوائهم و آرائهم مثل الذي التبس عليهم ، [10] فکان احکام ذلک علي ما کرهت من تنبيهک له احب الي من اسلامک الي امر لا آمن عليک به الهلکه ، [11] و رجوت ان يوفقک الله فيه لرشدک ، و ان يهديک لقصدک ، فعهدت اليک وصيتي هذه [12] و اعلم يا بني ان احب ما انت آخذ به الي من وصيتي تقوي الله [13] و الاقتصار علي ما فرضه الله عليک ، و الاخذ بما مضي عليه الاولون من آبائک ، [14] و الصالحون من اهل بيتک ، فانهم لم يدعوا ان نظروا لانفسهم کما انت ناظر ، [15] و فکروا کما انت مفکر ، ثم ردهم آخر ذلک الي الاخذ بما عرفوا ، [1] و الامساک عما لم يکلفوا ، فان ابت نفسک ان تقبل ذلک دون ان کما علموا [2] فليکن طلبک ذلک بتفهم و تعلم ، لا بتورط الشبهات ، و علق الخصومات [3] و ابدا قبل نظرک في ذلک بالاستعانه بالهک ، و الرغبه اليه في توفيقک ، [4] و ترک کل شائبه اولجتک في شبهه ، او اسلمتک الي ضلاله [5] فان ايقنت ان قد صفا قلبک فخشع ، و تم رايک فاجتمع   [6] و کان همک في ذلک هما واحدا ، فانظر فيما فسرت لک ، و ان لم يجتمع لک ما تحب من نفسک ، [7] و فراغ نظرک و فکرک ، فاعلم انک انما تخبط العشواء ، [8] و تتورط الظلماء و ليس طالب الدين من خبط او خلط ، و الامساک عن ذلک امثل [9] فتفهم يا بني وصيتي ، و اعلم ان مالک الموت هو مالک الحياه ، [10] و ان الخالق هو المميت ، و ان المفني هو المعيد ، و ان المبتلي هو المعافي ، [11] و ان الدنيا لم تکن لتستقر الا علي ما جعلها الله عليه من [12] النعماء ، و الابتلاء ، و الجزاء في المعاد ، او ما شاء مما لا تعلم ، [13] فان اشکل عليک شي ء من ذلک فاحمله علي جهالتک ، [14] فانک اول ما خلقت به جاهلا ثم علمت ، و ما اکثر ما تجهل من الامر ، [15] و يتحير فيه رايک ، و يضل فيه بصرک ثم تبصره بعد ذلک [1] فاعتصم بالذي خلقت ورزقک و سواک ، و ليکن له تعبدک ، و اليه رغبتک ، و منه شفقتک [2] واعلم يا بني ان احدا لم ينبي ء عن الله سبحانه کماانباعنه الرسول صلي الله عليه و آله [3] فارض به رائدا ، و الي النجاه قائدا ، [4] فاني لم آلک نصيحه و انک لن تبلغ في النظر لنفسک و ان اجتهدت مبلغ نظري لک [5] و اعلم يا بني انه لو کان لربک شريک لاتتک رسله ، و نرايت آثار ملکه و سلطانه ، [6] و لعرفت افعاله و صفاته ، و لکنه اله واحد کما وصف نفسه ، [7] لا يضاده في ملکه احد ، و لا يزول ابدا و لم يزل [8] اول قبل الاشياء بلا اوليه ، و آخر بعد الاشياء بلا نهايه [9] عظم عن ان تثبت ربوبيته باحاطه قلب او بصر [10] فاذا عرفت ذلک فافعل کما ينبغي لمثلک ان يفعله في صغر خطره ، [11] و قله مقدرته ، و کثره عجزه ، و عظيم حاجته الي ربه ، في طلب طاعته ، [12] و الخشيه من عقوبته ، و الشفقه من سخطه : [13] فانه لم يامرک الا بحسن ، و لم ينهک الا عن قبيح [14] يابني اني قد انباتک عن الدنيا و حالها ، و زوالها و انتقالها ، [15] و انباتک عن الاخره و ما اعد لاهلها فيها ، و ضربت لک فيهما الامثال ، [1] لتعتبر بها ، و تحذو عليها انما مثل من خبر الدنيا [2] کمثل قوم سفر نبا بهم منزل جديب ،فاموا منزلا خصيبا و جنابا مريعا ، [3] فاحتملوا و عثاء الطريق ، و فراق الصديق ، و خشونه السفر ، و جشوبه المطعم ، [4] لياتوا سعه دارهم ، و منزل قرارهم ، فليس يجدون لشي ء من ذلک الما ، [5] و لا يرون نفقه فيه مغرما لا شي ء احب اليهم مما قربهم من منزلهم ، و ادناهم من محلتهم [6] و مثل من اغتر بها کمثل قوم کانوا بمنزل خصيب ، فنبا بهم الي منزل جديب ، [7] فليس شي ء اکره اليهم و لا افظع عندهم من مفارقه ما کانوا فيه ، الي ما يهجمون عليه ، و يصيرون اليه [8] يا بني اجعل نفسک ميزانا فيما بينک و بين غيرک ، فاحبب لغيرک ما تحب لنفسک ، [9] و اکره له ما تکره لها ، و لا تظلم کما لا تحب ان تظلم ، [10] و احسن کما تحب ان يحسن اليک ، و استقبح من نفسک ما تستقبحه من غيرک [11] و ارض من الناس بما ترضاه لهم من نفسک ، و لا تقل ما لا تعلم و ان قل ما تعلم ، [12] و لا تقل ما لا تحب ان يقال لک [13] و اعلم ان الاعجاب ضد الصواب ، و آفه الالباب [1] فاسع في کدحک ، و لا تکن خازنا لغيرک [2] و اذا انت هديت لقصدک فکن اخشع ما تکون لربک [3] و اعلم ان امامک طريقا ذا مسافه بعيده ، و مشقه شديده ، [4] و انه لا غني بک فيه عن حسن الارتياد ، و قدر بلاغک من الزاد ، [5] مع خفه الظهر ، فلا تحملن علي ظهرک فوق طاقتک ، فيکون ثقل ذلک و بالا عليک ، [6] و اذا وجدت من اهل الفاقه من يحمل لک زادک الي يوم القيامه ، [7] فيوافيک به غدا حيث تحتاج اليه فاغتنمه و حمله اياه ، [8] و اکثر من تزويده و انت قادر عليه فلعلک تطلبه فلا تجده [9] و اغتنم من استقرضک في حال غناک ، ليجعل قضاءه لک في يوم عسرتک [10] و اعلم ان امامک عقبه کؤودا ، المخف فيها احسن حالا من المثقل ، [11] و المبطي ء عليها اقبح حالا من المسرع ، و ان مهبطک بها لا محاله اما علي جنه او علي نار ، [12] فارتد لنفسک قبل نزولک ، ووطي ء المنزل قبل حلولک ، [13] [[ فليس بعد الموت مستعتب ، و لا الي الدنيا منصرف [14] و اعلم ان الذي بيده خزائن السموات و الارض قد اذن لک في الدعاء ، [15] و تکفل لک بالاجابه ، و امرک ان تساله ليعطيک ، و تسترحمه ليرحمک ، [1] و لم يجعل بينک و بينه من يحجبک عنه و لم يلجئک الي من يشفع لک اليه ، [2] و لم يمنعک ان اسات من التوبه و لم يعاجلک بالنقمه ، [3] و لم يعيرک بالانابه ، و لم يفضحک حيث الفضيحه بک اولي ، [4] و لم يشدد عليک في قبول الانابه ، و لم يناقشک بالجريمه و لم يؤيسک من الرحمه ، [5] بل جعل نزوعک عن الذنب حسنه ، و حسب سيئتک واحده ، [6] و حسب حسنتک عشرا ، و فتح لک باب المتاب ، و باب الاستعتاب ، [7] فاذا ناديته سمع نداک ، و اذا ناجيته علم نجواک ،[8] فافضيت اليه بحاجتک ، و ابثثته ذات نفسک ،[9] و شکوت اليه همومک ، و استکشفته کروبک ، و استعنته علي امورک ، [10] و سالته من خزائن رحمته ما لا يقدر علي اعطائه غيره ، [11] من زياده الاعمار ، و صحه الابدان ، و سعه الارزاق [12] ثم جعل في يديک مفاتيح خزائنه بما اذن لک فيه من مسالته ، [13] فمتي شئت استفتحت بالدعاء ابواب نعمته ، و استمطرت شابيب رحمته ، [14] فلا يقنطنک ابطاء اجابته ، فان العطيه علي قدر النيه [15] و ربما اخرت عنک الاجابه ، ليکون ذلک اعظم لاجر السائل ، و اجزل لعطاء الامل [16] و ربما سالت الشي ء فلا تؤتاه ، و اوتيت خيرا منه عاجلا او آجلا ،[17] او صرف عنک لما هو خير لک ،[18] فلرب امر قد طلبته فيه هلاک دينک لو او تيته ، فلتکن مسالتک فيما يبقي لک جماله ، [1] و ينفي عنک و باله ، فالمال لا يبقي لک و لا تبقي له [2] و اعلم يا بني انک انما خلقت للاخره لا للدنيا ، و للفناء لا للبقاء ، [3] و للموت لا للحياه ، و انک في قلعه و دار بلغه ، [4] و طريق الي الاخره ، و انک طريد الموت الذي لا ينجو منه هاربه ، و لا يفوته طالبه ، [5] و لا بد انه مدرکه ، فکن منه علي حذر ان يدرکک و انت علي حال سيئه ، [6] قد کنت تحدث نفسک منها بالتوبه ، [7] فيحول بينک و بين ذلک ، فاذا انت قد اهلکت نفسک [8] ذکر الموت [9] يا بني اکثر من ذکر الموت ، و ذکر ما تهجم عليه ، و تقضي بعد الموت اليه ، [10] حتي ياتيک و قد اخذت منه حذرک ، و شددت له ازرک ، و لا ياتيک بغته فيبهرک [11] واياک ان تغتر بما تري من اخلاد اهل الدنيا اليها ، و تکالبهم عليها ، [12] فقد نباک الله عنها ، و نعت هي لک عن نفسها ، و تکشفت لک عن مساويها ، [13] فانما اهلها کلاب عاويه ، و سباع ضاريه ، يهر بعضها علي بعض ، [14] و ياکل عزيزها ذليلها ، و يقهر کبيرها صغيرها [15] نعم معقله ، و اخري مهمله ، قد اضلت عقولها ، [16] و رکبت مجهولها سروح عاهه بواد وعث ، [1] ليس لها راع يقيمها ، و لا مسيم يسيمها سلکت بهم الدنيا طريق العمي ، [2] و اخذت بابصارهم عن منار الهدي ، فتاهوا في حيرتها ، [3] و غرقوا في نعمتها ، و اتخذوها ربا ، فلعبت بهم و لعبوا بها ، و نسوا ما وراءها [4] الترفق في الطلب [5] رويدا يسفر الظلام ، کان قد وردت الاظعان ، يوشک من اسرع ان يلحق [6] و اعلم يا بني ان من کانت مطيته الليل و النهار ، فانه يسار به و ان کان واقفا [7] ويقطع المسافه وان کان مقيما وادعا ، [8] واعلم يقينا انک لن تبلغ املک ، و لن تعدو اجلک ، [9] و انک في سبيل من کان قبلک فخفض في الطلب ، و اجمل في المکتسب ، [10] فانه رب طلب قد جر الي حرب ، فليس کل طالب بمرزوق ، و لا کل مجمل بمحروم [11] و اکرم نفسک عن کل دنيه و ان ساقتک الي الرغائب ، [12] فانک لن تعتاض بما تبذل من نفسک عوضا [13] و لا تکن عبد غيرک و قد جعلک الله حرا [14] و ما خير خير لا ينال الا بشر ، و يسر لا ينال الا بعسر ? [15] و اياک ان توجف بک مطايا الطمع ، فتوردک مناهل [ نهج البلاغه م 26 ] الهلکه [1] و ان استطعت الا يکون بينک و بين الله ذو نعمه فافعل ، [2] فانک مدرک قسمک و آخذ سهمک ، و ان اليسير من الله سبحانه اعظم و اکرم من الکثير من خلقه و ان کان کل منه [3] وصايا شتي [4] و تلافيک ما فرط من صمتک ايسر من ادراکک ما فات و من منطقک ، [5] و حفظ ما في الوعاء بشد الوکاء ، [6] و حفظ ما في يديک احب الي من طلب مافي يدي غيرک [7] و مراره الياس خير من الطلب الي الناس ، و الحرفه مع العفه خير من الغني مع الفجور ، [8] و المرء احفظ لسره ، ورب ساع فيما يضره من اکثر اهجر ، [9] و من تفکر ابصر قارن اهل الخير تکن منهم ، و باين اهل الشر تبن عنهم ، [10] بئس الطعام الحرام و ظلم الضعيف افحش الظلم [11] اذا کان الرفق خرقا کان الخرق رفقا ربما کان الدواء داء، و الداء دواء [12] و ربما نصح غير الناصح ، و غش المستنصح [13] و اياک و الاتکال علي المني فانها بضائع النوکي ، و العقل حفظ التجارب ، [14] و خير ما جربت ما و عظک بادر الفرصه قبل ان تکون غصه [15] ليس کل طالب يصيب ، و لا کل غائب يوؤب و من الفساد اضاعه الزاد ، و مفسده المعاد [16] و لکل امر عاقبه ، سوف ياتيک ما قدر لک [17] التاجر مخاطر ، و رب يسير انمي من کثير لا خير في معين مهين ، [1] و لا في صديق ظنين ساهل الدهر ما ذل لک قعوده ، [2] و لا تخاطر بشي ء رجاء اکثر منه ، و اياک ان تجمع بک مطيه اللجاج [3] احمل نفسک من اخيک عند صرمه علي الصله ، [4] و عند صدوده علي اللطف و المقاربه ، و عند جموده علي البذل ، [5] و عند تباعده علي الدنو ، و عند شدته علي اللين ، و عند جرمه علي العذر ، [6] حتي کانک له عبد ، و کانه ذو نعمه عليک [7] و اياک ان تضع ذلک في غير موضعه ، او ان تفعله بغير اهله [8] لا تتخذن عدو صديقک صديقا فتعادي صديقک ، و امحض اخاک النصيحه ، [9] حسنه کانت او قبيحه ، و تجرع الغيظ فاني لم ار جرعه احلي منها عاقبه ، و لا الذ مغبه [10] و لن لمن غالظک ، فانه يوشک ان يلين لک ، [11] و خذ علي عدوک بالفضل فانه احلي الظفرين [12] و ان اردت قطيعه اخيک فاستبق له من نفسک بقيه يرجع اليها ان بدا له ذلک يوما ما [13] و من ظن بک خيرا فصدق ظنه ، و لا تضيعن حق اخيک اتکالا علي ما بينک و بينه ، [14] فانه ليس لک باخ من اضعت حقه [15] و لا يکن اهلک اشقي الخلق بک ، و لا ترغبن فيمن زهد عنک ، [16] و لا يکونن اخوک اقوي علي قطيعتک منک علي صلته ، [17] و لا تکونن علي الاساءه اقوي منک علي الاحسان ولا يکبرن عليک ظلم من ظلمک ، [1] فانه يسعي في مضرته و نفعک ، و ليس جزاء من سرک ان تسوءه [2] و اعلم يابني ان الرزق رزقان : رزق تطلبه ، ورزق يطلبک ، [3] فان انت لم تاته اتاک ما اقبح الخضوع عند الحاجه ، و الجفاء عند الغني [4] انما لک من دنياک ، ما اصلحت به مثواک ، [5] و ان کنت جازعا علي ما تفلت من يديک ، فاجزع علي کل ما لم يصل اليک [6] استدل علي ما لم يکن بما قد کان ، فان الامور اشباه ، [7] و لا تکونن ممن لا تنفعه العظه الا اذا بالغت في ايلامه ، [8] فان العاقل يتعظ بالاداب ، و البهائم لا تتعظ الا بالضرب [9] اطرح عنک واردات الهموم بعزائم الصبر و حسن اليقين من ترک القصد جار ، [10] و الصاحب مناسب ، و الصديق من صدق غيبه و الهوي شريک العمي ، [11] و رب بعيد اقرب من قريب ، و قريب ابعد من بعيد ،[12] و الغريب من لم يکن له حبيب من تعدي الحق ضاق مذهبه ،[13] و من اقتصر علي قدره کان ابقي له و اوثق سبب اخذت به سبب بينک و بين الله سبحانه [14] و من لم يبالک فهو عدوک قد يکون الياس ادراکا ، اذا کان الطمع هلاکا [15] ليس کل عوره تظهر لا کل فرصه تصاب ، [16] و ربما اخطا البصير قصده ، و اصاب الاعمي رشده [17] اخر الشر فانک اذا شئت تعجلته ، و قطيعه الجاهل تعدل صله العاقل [1] من امن الزمان خانه و من اعظمه اهانه ليس کل من رمي اصاب [2] اذا تغير السلطان تغير الزمان سل عن الرفيق قبل الطريق ، و عن الجار قبل الدار ، [3] اياک ان تذکر من الکلام ما يکونه مضحکا ، و ان حکيت ذلک عن غيرک الراي في المراه [4] و اياک و مشاوره النساء فان رايهن الي افن ، و عزمهن الي و هن [5] و اکفف عليهن من ابصارهن بحجابک اياهن ، فان شده الحجاب ابقي عليهن ، [6] و ليس خروجهن باشد من ادخالک من لا يوثق به عليهن ، [7] و ان استطعت الا يعرفن غيرک فالفعل [8] و لا تملک المراه من امرها ما جاوز نفسها ، فان المراه ريحانه ، و ليست بقهرمانه [9] و لا تعد بکرامتها نفسها ، و لا تطمعها في ان تشفع لغيرها [10] و اياک و التغاير في غير موضع غيره ، فان ذلک يدعو الصحيحه الي السقم ، و البريئه الي الريب [11] و اجعل لکل انسان من خدمک عملا تاخذه به فانه احري الا يتواکلوا في خدمتک [12] و اکرم عشيرتک ، فانهم جناحک الذي به تطير ، و اصلک الذي اليه تصير ، و يدک التي بها تصول [1] دعاء [2] استودع الله دينک و دنياک ، و اساله خير القضاء لک في العاجله و الاجله ، و الدنيا و الاخره ، و السلام",نامه
32,"و من کتاب له عليه السلام [3] الي المعاويه [4] و ارديت جيلا من الناس کثيرا ، خدعتهم بغيک ، [5] و القيتهم في موج بحرک ، تغشاهم الظلمات ، و تتلاطم بهم الشبهات ، [6] فجازوا عن وجهتهم و نکصوا علي اعقابهم ، [7] و تولوا علي ادبارهم ، و عولوا علي احسابهم [8] الا من فاء من اهل البصائر ، فانهم فارقوک بعد معرفتک ، و هربوا الي الله من موازرتک ، [9] اذ حملتهم علي الصعب ، و عدلت بهم عن القصد [10] فاتق الله يا معاويه في نفسک ، و جاذب الشيطان قيادک ، [11] فان الدنيا منقطعه عنک ، و الاخره قريبه منک ، و السلام",نامه
33,"و من کتاب له عليه السلام [12] الي قثم بن العباس و هو عامله علي مکه [13] اما بعد ، فان عيني بالمغرب کتب الي يعلمني انه [1] وجه الي الموسم اناس من اهل الشام العمي القلوب ، الصم الاسماع ، [2] الکمه الابصار ، الذين يلبسون الحق بالباطل ، [3] و يطيعون المخلوق في معصيه الخالق ، و يحتلبون الدنيا درها بالدين ، [4] و يشترون عاجلها باجل الابرار المتقين ، و لن يفوز بالخير الا عامله ، [5] و لا يجزي جزاء الشر الا فاعله فاقم علي ما في يديک قيام الحازم الصليب ، [6] و الناصح اللبيب ، و التابع لسلطانه ، المطيع لامامه [7] واياک و ما يعتذر منه ، و لا تکن عند النعماء بطرا، و لا عند الباساء فشلا ، و السلام",نامه
34,"و من کتاب له عليه السلام [8] الي محمد بن ابي بکر ، لما بلغه توجده من عزله بالاشتر عن مصر ، ثم توفي الاشتر في توجهه الي هناک قبل وصوله اليها [9] اما بعد ، فقد بلغني موجدتک من تسريح الاشتر الي عملک ، [10] و اني لم افعل ذلک استبطاء لک في الجهد ، و لا ازديادا لک في الجد ، [11] و لو نزعت ما تحت يدک من سلطانک ، لوليتک ما هو ايسر عليک مؤونه ، و اعجب اليک ولايه [12] ان الرجل الذي کنت وليته امر مصر کان رجلا لنا ناصحا ، [13] و علي عدونا شديدا ناقما ، فرحمه الله فلقد استکمل ايامه ، [1] و لاقي حمامه ، و نحن عنه راضون ، اولاه الله رضوانه ، و ضاعف الثواب له [2] فاصحر لعدوک و امض علي بصيرتک ، و شمر لحرب من حاربک ، و ادع الي سبيل ربک ، [3] و اکثر الاستعانه بالله يکفک ما اهمک ، و يعنک علي ما ينزل بک ، ان شاء الله",نامه
35,"و من کتاب له عليه السلام [4] الي عبد الله بن العباس ، بعد مقتل محمد بن ابي بکر [5] اما بعد ، فان مصر قد افتتحت ، و محمد بن ابي بکر رحمه الله قد استشهد ، [6] فعند الله نحتسبه ولدا ناصحا و عاملا کادحا ، [7] وسيفا قاطعا ، و رکنا دافعا وقد کنت حثثت الناس علي لحاقه ، [8] و امرتهم بغياثه قبل الوقعه ، و دعوتهم سرا وجهرا ، وعودا و بدءا ، [9] فمنهم الاتي کارها ، ومنهم المعتل کاذبا ، و منهم القاعد خاذلا [10] اسال الله تعالي ان يجعل لي منهم فرجا عاجلا ، [11] فوالله لولا طمعي عند لقائي عدوي في الشهاده ، و توطيني نفسي علي المنيه ، [12] لاحببت الا القي مع هؤلاء يوما واحدا ، و لا التقي بهم ابدا",نامه
36,"و من کتاب له عليه السلام [1] الي اخيه عقيل بن طالب ، في ذکر جيش انفذه الي بعض الاعداء ، و هوجواب کتاب کتبه اليه عقيل [2] فسرحت اليه جيشا کثيفا من المسلمين ، فلما بلغه ذلک شمر هاربا ، [3] و نکص نادما ، فلحقوه ببعض الطريق ، و قد طفلت الشمس للاياب ، [4] فاقتتلوا شيئا کلا و لا ، فما کان الا کموقف ساعه [5] حتي نجا جريضا بعد ما اخذ منه بالمخنق ، [6] و لم يبق منه غير الرمق ، فلايا بلاي ما نجا. [7] فدع عنک قريشا و ترکاضهم في الضلال ،و تجوالهم في الشقاق ،و جماحهم في التيه ، [8] فانهم قد اجمعوا علي حربي کاجماعهم علي حرب رسول الله - [ص ] - قبلي ، [9] فجزت قريشا عني الجوازي فقد قطعوا رحمي و سلبوني سلطان ابن امي . [10] واما ما سالت عنه من رايي في القتال ،فان رايي قتال المحلين [11] حتي القي الله ،لايزيدني کثره الناس حولي عزه ، و لا تفرقهم عني وحشه ،[12] و لا تحسبن ابن ابيک - ولو اسلمه الناس - متضرعا متخشعا ، [13] و لا مقرا للضيم واهنا ،ولا سلس الزمام للقائد ، [1] و لا وطي ء الظهر للراکب المتقعد ، ولکنه کما قال اخو بني سليم : [2] فان تساليني کيف انت فانني صبور علي ريب الزمان صليب [3] يعز علي ان تري بي کابه فيشمت عاد او يساء حبيب",نامه
37,"و من کتاب له عليه السلام [4] الي معاويه [5] فسبحان الله ما اشد لزومک للاهواء المبتدعه ، و الحيره المتبعه ، [6] مع تضييع الحقائق و اطراح الوثائق ، التي هي لله طلبه ، [7] و علي عباده حجه فاما اکثارک الحجاج علي عثمان وقتلته ، [8] فانک انما نصرت عثمان حيث کان النصر لک ، و خذلته حيث کان النصر له ، و السلام",نامه
38,"و من کتاب له عليه السلام [9] الي اهل مصر ، لما ولي عليهم الاشتر[10] من عبد الله علي امير المؤمنين ، الي القوم الذين غضبوا لله حين [1] عصي في ارضه ، و ذهب بحقه ، فضرب الجور سرادقه علي البر و الفاجر ، [2] و المقيم و الظاعن ، فلا معروف يستراح اليه ، و لا منکر يتناهي عنه [3] اما بعد ، فقد بعثت اليکم عبدامن عباد الله ،لا ينام ايام الخوف ، [4] و لا ينکل عن الاعداء ساعات الروع ، [5] اشد علي الفجار من حريق النار ، و هو مالک بن الحارث اخو مذحج ، [6] فاسمعوا له و اطيعوا امره فيما طابق الحق ، فانه سيف من سيوف الله ، [7] لا کليل الظبه ، و لا نابي الضريبه [8] فان امرکم ان تنفروا فانفروا ، و ان امرکم ان تقيموا فاقيموا ، [9] فانه لا يقدم و لا يحجم ، و لا يؤخر و لا يقدم الا عن امري ، [10] و قد آثرتکم به علي نفسي لنصحيته لکم ، و شده شکيمته علي عدوکم",نامه
39,"و من کتاب له عليه السلام [11] الي عمرو بن العاص [12] فانک قد جعلت دينک تبعا لدنيا امري ء ظاهر غيه ، مهتوک ستره ، [13] يشين الکريم بمجلسه ، و يسفحه الحليم بخلطته ، فاتبعت اثره ، [14] و طلبت فضله ، اتباع الکلب للضرغام يلوذ بمخالبه ، [15] و ينتظر ما يلقي اليه من فضل فريسته ، فاذهبت دنياک و آخرتک [1] و لو بالحق اخذت ادرکت ما طلبت فان يمکني الله منک و من ابن ابي سفيان اجز کما بما قدمتما ، [2] و ان تعجزا و تبقيا فما امامکما شر لکما ، و السلام",نامه
40,"و من کتاب له عليه السلام [3] الي بعض عماله [4] اما بعد ، فقد بلغني عنک امر ، ان کنت فعلته فقد اسخطت ربک ، و عصيت امامک ، و اخزيت امانتک [5] بلغني انک جردت الارض فاخذت ما تحت قدميک ، و اکلت ما تحت يديک ، [6] فارفع الي حسابک ، و اعلم ان حساب الله اعظم من حساب الناس ، و السلام",نامه
41,"و من کتاب له عليه السلام [7] الي بعض عماله [8] اما بعد ، فاني کنت اشرکتک في امانتي ، و جعلتک شعاري و بطانتي ، [9] و لم يکن رجل من اهلي اوثق منک في نفسي لمواساتي و موازرتي و اداء الامانه الي ، [10] فلما رايت الزمان علي ابن عمک قد کلب [1] و العدو قد حرب ، و امانه الناس قد خزيت ، [2] و هذه الامه قد فنکت و شغرت ، قلبت لابن عمک ظهر المجن [3] ففارقته مع المفارقين ، و خذلته مع الخاذلين ، و خنته مع الخائنين ، [4] فلا ابن عمک آسيت ، و لا الامانه اديت [5] و کانک لم تکن الله تريد بجهادک ، و کانک لم تکن علي بينه من ربک ، [6] و کانک انما کنت تکيد هذه الامه عن دنياهم ، و تنوي غرتهم عن فيئهم ، [7] فلما امکنتک الشده في خياته الامه اسرعت الکره ، و عاجلت الوثبه ، [8] و اختطفت ما قدرت عليه من اموالهم المصونه لاراملهم و ايتامهم اختطاف [9] الذئب الازل داميه المعزي الکسيره ، [10] فحملته الي الحجاز رحيب الصدر بحمله ، غير متاثم من اخذه [11] کانک لا ابا لغيرک حدرت الي اهلک تراثک من ابيک و امک [12] فسبحان الله اما تؤمن بالمعاد ? [13] او ما تخاف نقاش الحساب ايها المعدود کان عندنا من اولي الالباب ، [14] کيف تسيغ شرابا و طعاما ، و انت تعلم انک تاکل حراما ، و تشرب حراما ، [15] و تبتاع الاماء و تنکح النساء من اموال اليتامي و المساکين و المؤمنين و المجاهدين ، [16] الذين افاء الله عليهم هذه الاموال ، و احرز بهم هذه البلاد [17] فاتق الله و اردد الي هؤلاء القوم اموالهم ، فانک لم تفعل ثم امکنني الله منک لاعذرن الي الله فيک ، [18] و لا ضربنک بسيفي الذي ما ضربت به احدا الا دخل النار [1] و والله لو ان الحسن و الحسين فعلا مثل الذي فعلت ما کانت لهما عندي هواده ، [2] و لا ظفرا مني باراده ، حتي آخذ الحق منهما ، و ازيح الباطل عن مظلمتهما ، [3] و اقسم بالله رب العالمين ما يسرني ان ما اخذته من اموالهم حلال لي ، اترکه ميراثا لمن بعدي ، [4] فضح رويدا ، فکانک قد بلغت المدي ، و دفنت تحت الثري ، [5] و عرضت عليک اعمالک بالمحل الذي ينادي الظالم فيه بالحسره ، [6] و يتمني المضيع فيه الرجعه ، [[ و لات حين مناص ] ]",نامه
42,"و من کتاب له عليه السلام [7] الي عمر بن ابي سلمه المخزومي ، و کان عامله علي البحرين ، فعزله ، واستعمل نعمان بن عجلان الزرقي مکانه [8] اما بعد ، فاني قد و ليت نعمان بن عجلان الزرقي علي البحرين ، [9] و نزعت يدک بلا ذم لک ، و لا تثريب عليک ، فلقد احسنت الولايه ، [10] و اديت الامانه ، فاقبل غير ظنين ، و لا ملوم ، و لا متهم ، و لا ماثوم ، [11] فلقد اردت المسير الي ظلمه اهل الشام [12] و احببت ان تشهد معي ، فانک ممن استظهر به علي جهاد العدو ، و اقامه عمود الدين ، ان شاء الله",نامه
43,"و من کتاب له عليه السلام [1] الي مصقله بن هبيره الشيباني ، و هو عامله علي اردشير خره [2] بلغني عنک امر ان کنت فعلته فقد اسخطت الهک ، و عصيت امامک : [3] انک تقسم في ء المسلمين الذي حازته رماحهم و خيولهم ، [4] و اريقت عليه دماؤهم ، فيمن اعتامک من اعراب قومک [5] فو الذي فلق الحبه ، و برا النسمه ،لئن کان ذلک حقا لتجدن لک علي هوانا ، [6] و لتخفن عندي ميزانا ، فلا تستهن بحق ربک ، [7] و لا تصلح دنياک بمحق دينک ، فتکون من الاخسرين اعمالا [8] الا و ان حق من قبلک و قبلنا من المسلمين في قسمه هذا الفي ء سواء : يردون عندي عليه ، و يصدرون عنه",نامه
44,"و من کتاب له عليه السلام [9] الي زياد بن ابيه ، و قد بلغه ان معاويه کتب اليه يريد خديعته باستلحاقه [10] و قد عرفت ان معاويه کتب اليک يستزل لبک ، [11] و يستفل غربک ، فاحذره ، فانما هو الشيطان : ياتي المرء [1] من بين يديه و من خلفه ، و عن يمينه و عن شماله ، ليقتحم غفلته ، و يستلب غرته [2] و قد کان من ابي سفيان في زمن عمر بن الخطاب فلته من حديث النفس ، و نزغه من نزعات الشيطان : [3] لا يثبت بها نسب و لا يستحق بها ارث ، [4] و المتعلق بها کالواغل المدفع ، و النوط المذبذب [5] فلما قرا زياد الکتاب قال : شهد بها و رب الکعبه ، و لم تزل في نفسه حتي ادعاه معاويه [6] قال الرضي : قوله عليه السلام [[ الواغل ] ] : هو الذي يهجم علي الشرب ليشرب معهم ، و ليس منهم ، فلا يزال مدفعا محاجزا و [[ النوط المذ بذب ] ] : هو ما يناط برحل الراکب من قعب او قدح او ما اشبه ذلک ، فهو ابدا يتقلقل اذا حث ظهره و استعجل سيره",نامه
45,"و من کتاب له عليه السلام [7] الي عثمان بن حنيف الانصاري و کان عامله علي البصره و قد بلغه انه دعي الي و ليمه قوم من اهلها ، فمضي اليها قوله : [8] اما بعد ، يابن حنيف : فقد بلغني ان رجلا من فتيه اهل البصره دعاک الي مادبه [9] فاسرعت اليها تستطاب لک الالوان ، و تنقل اليک الجفان [10] و ما ظننت انک تجيب الي طعام قوم ، عائلهم مجفو و غنيهم مدعو [11] فانظر الي ما تقضمه من هذا المقضم ، [1] فما اشتبه عليک علمه فالفظه ، و ما ايقنت بطيب وجوهه فنل منه [2] الا و ان لکل ماموم اماما ، يقتدي به و يستضي ء بنور علمه ، [3] الا و ان امامکم قد اکتفي من دنياه بطمريه ، و من طعمه بقرصيه [4] الا و انکم لا تقدرون علي ذلک ، ولکن اعينوني بورع و اجتهاد ، و عفه و سداد [5] فوالله ما کنزت من دنياکم تبرا و لا ادخرت من غنائمهاوفرا ، [6] و لا اعددت لبالي ثوبي طمرا ، و لا حزت من ارضها شبرا ، [7] و لا اخذت منه الا کقوت اتان دبره ، [8] و لهي في عيني اوهي و اهون من عفصه مقره [9] بلي کانت في ايدينا فدک من کل ما اظلته السماء ، فشحت عليها نفوس قوم [10] و سخت عنهانفوس قوم آخرين ، و نعم الحکم الله [11] و ما اصنع بفدک و غير فدک ، و النفس مظانها في غد جدث ، [12] تنقطع في ظلمته آثارها ، و تغيب اخبارها ، و حفره لو زيد في فسحتها ، [13] و اوسعت يدا حافرها ، لاضغطها الحجر و المدر [14] و سد فرجها التراب المتراکم ، و انما هي نفسي اروضها بالتقوي [15] لتاتي آمنه يوم الخوف الاکبر ، و تثبت علي جوانب المزلق [16] و لو شئت لاهتديت الطريق ، الي مصفي هذا [ نهج البلاغه م 27 ] العسل ، [1] و لباب هذا القمح ، و نسائج هذا القز و لکن هيهات ان يغلبني هواي ، [2] و يقودني جشعي الي تخير الاطعمه و لعل بالحجاز او اليمامه من لا طمع له في القرص ، [3] و لا عهد له بالشبع او ابيت مبطانا و حولي بطون غرثي و اکباد حري ، [4] او اکون کما قال القائل : [5] و حسبک داء ان تبيت ببطنه و حولک اکباد تحن الي القد [6] ااقنع من نفسي بان يقال : هذا امير المؤمنين ، و لا اشارکهم في مکاره الدهر ، [7] او اکون اسوه لهم في جشوبه العيش فما خلقت ليشغلني اکل الطيبات ، [8] کالبهيمه المربوطه ، همها علفها ، او المرسله شغلها تقممها تکترش من اعلافها ، [9] و تلهو عما يراد بها ، او اترک سدي ، او اهمل عابثا ، او اجز حبل الضلاله ، [10] او اعتسف طريق المتاهه و کاني بقائلکم يقول : [11] [[ اذا کان هذا قوت ابن ابي طالب ، فقد قعد به الضعف عن قتال الاقران ، و منازله الشجعان ] ] [12] الا و ان الشجره البريه اصلب عودا، و الرواتع الخضره ارق جلودا، [13] و النابتات العذيه اقوي و قودا ، و ابطا خمودا [14] و انا من رسول الله کالضوء من الضوء و الذارع من العضد [15] و الله لو تظاهرت العرب علي قتالي لما و ليت عنها ، و لو امکنت الفرص من رقابها لسارعت اليها [1] و ساجهد في ان اطهر الارض من هذا الشخص المعکوس ، و الجسم المرکوس ، [2] حتي تخرج المدره من بين حب الحصيد [3] و من هذا الکتاب ، و هو آخره : [5] اليک عني يا دنيا ، فحبلک علي غاربک ، قد انسللت من مخالبک ، [5] و افلت من حبائلک ، و اجتنبت الذهاب في مداحضک [6] اين القرون الذين غررتهم بمداعبک اين الامم الذين فتنتهم بزخارفک [7] فها هم رهائن القبور ، و مضامين اللحود [8] و الله لو کنت شخصا مرئيا ، و قالبا حسيا ، لا قمت عليک حدود الله في عباد غررتهم بالاماني ، [9] و امم القيتهم في المهاوي ، و ملوک اسلمتهم الي التلف ، و اوردتهم موارد البلاء ، اذ لا ورد و صدر [10] هيهات من وطي ء دحضک زلق ، و من رکب لججک غرق ، [11] و من ازور عن حبائلک وفق ، و السالم منک لا يبالي ان ضاق به مناخه ، و الدنيا عنده کيوم حان انسلاخه [12] اعزبي عني فو الله لا ازل لک فتستذليني ، ولا اسلس لک فتقوديني [13] و ايم الله يمينا استثني فيها بمشيئه الله لاروضن نفسي رياضه تهش معها الي القرص اذا قدرت عليه مطعوما ، [14] و تقنع بالملح مادوما ، و لادعن مقلتي کعين ماء ، نصب معينها ، [1] مستفرغه دموعها اتمتلي ء السائمه من رعيها فتبرک ? و تشبع الربيضه من عشبها فتربض ? [2] و ياکل علي من زاده فيهجع قرت اذا عينه اذا اقتدي بعد السنين المتطاوله بالبهيمه الهامله ، و السائمه المرعيه [3] طوبي لنفس ادت الي ربها فرضها ، و عرکت بجنبها بؤسها ، [4] و هجرت في الليل غمضها ، حتي اذا غلب الکري عليها افترشت ارضها ، و توسدت کفها ، [5] في معشر اسهر عيونهم خوف معادهم ، [6] و تجافت عن مضاجعهم جنوبهم ، [7] و همهمت بذکر ربهم شفاهم ، و تقشعت بطول استغفارهم ذنوبهم ، [8] [[ اولئک حزب الله الا ان حزب الله هم المفلحون ] ] [9] فاتق الله يابن حنيف ، و لتکفف اقراصک ، ليکون من النار خلاصک",نامه
46,"و من کتاب له عليه السلام [10] الي بعض عماله [11] اما بعد ، فانک ممن استظهر به علي اقامه الدين ، واقمع به نخوه الاثيم ، [12] و اسد به لهاه الثغر المخوف [13] فاستعن بالله علي ما اهمک ، و اخلط الشده بضغث من اللين ، [1] و ارفق ما کان الرفق ارفق ، و اعتزم بالشده حين لا تغني عنک الا الشده ، [2] و اخفض للرعيه جناحک ، و ابسط لهم وجهک ، و الن لهم جانبک ، [3] و آس بينهم في اللحظه و النظره ، و الاشاره و التحيه ، [4] حتي لا يطمع العظماء في حيفک ، و لا يياس الضعفاء من عدلک ، و السلام",نامه
47,"و من وصيه له عليه السلام [5] للحسن و الحسين عليهما السلام لما ضربه ابن ملجم لعنه الله [6] اوصيکمابتقوي الله ، و الا تبغيا الدنيا و ان بغتکما ، و لا تاسفا علي شي ء منها زوي عنکما ، [7] و قولا بالحق ، و اعملا للاجر ، و کونا للظالم خصما ، و للمظلوم عونا [8] اوصيکما ، و جميع و لدي و اهلي و من بلغه کتابي ، بتقوي الله ، و نظم امرکم ، و صلاح ذات بينکم ، [9] فاني سمعت جدکما صلي الله عليه و آله و سلم يقول : [[ صلاح ذات البين افضل من عامه الصلاه و الصيام ] ] [10] الله الله في الايتام ، فلا تغبوا افواههم ، و لا يضيعوا بحضرتکم [1] و الله الله في جيرانکم ، فانهم وصيه نبيکم ما زال يوصي بهم ، حتي ظننا انه سيورثهم [2] و الله الله في القرآن ، لا يسبقکم بالعمل به غيرکم [3] و الله الله في الصلاه ، فانها عمود دينکم [4] و الله الله في بيت ربکم ، لا تخلوه ما بقيتم ، فانه ان ترک لم تناظروا [5] و الله الله في الجهاد باموالکم و انفسکم و السنتکم في سبيل الله [6] و عليکم بالتواصل و التباذل ، و اياکم و التدابر و التقاطع [7] لا تترکوا الا مر بالمعروف و النهي عن المنکر فيولي عليکم شرارکم [8] ثم تدعون فلا يستجاب لکم ثم قال : [9] يا بني عبد المطلب ، لا الفينکم تخوضون دماء المسلمين خوضا ، [10] تقولون : [[ قتل امير المؤمنين ] ] الا لا تقتلن بي الا قاتلي [11] انظروا اذا انا مت من ضربته هذه ، فاضربوه ضربه بضربه ، و لا تمثلوا بالرجل ، [12] فاني سمعت رسول الله صلي الله عليه و آله و سلم يقول : [[ اياکم و المثله و لو بالکلب العقور ] ]",نامه
48,"و من کتاب له عليه السلام [1] الي معاويه [2] و ان البغي و الزور يوتغان المرء في دينه و دنياه ، [3] و يبديان خلله عند من يعيبه ، وقد علمت انک غير مدرک ما قضي فواته ، [4] و قد رام اقوام امرا بغير الحق فتالوا علي الله فاکذبهم ، [5] فاحذر يوما يغتبط فيه من احمد عاقبه عمله ، [6] و يندم من امکن الشيطان من قياده فلم يجاذبه [7] و قد دعوتنا الي حکم القرآن و لست من اهله ، و لسنا اياک اجبنا ، [8] و لکنا اجبنا القرآن في حکمه ، و السلام",نامه
49,"و من کتاب له عليه السلام [9] الي معاويه ايضا[10] اما بعد ، فان الدنيا مشغله عن غيرها ، و لم يصب صاحبها منها شيئا الا فتحت له حرصا عليها ، [11] و لهجا بها ، ولن يستغني صاحبها بما نال فيها عما لم يبلغه منها ، [12] و من وراء ذلک فراق ما جمع ، و نقض ما ابرم و لو اعتبرت بما مضي حفظت ما بقي ، و السلام",نامه
50,"و من کتاب له عليه السلام [1] الي امرائه علي الجيش [2] من عبد الله علي بن ابي طالب امير المؤمنين الي اصحاب المسالح [3] اما بعد ، فان حقا علي الوالي الا يغيره علي رعيته فضل ناله ، و لا طول خص به ، [4] و ان يزيده ما قسم الله له من نعمه دنوا من عباده ، و عطفا علي اخوانه [5] الا و ان لکم عندي الا احتجز دونکم سراالا في حرب ، [6] و لا اطوي دونکم امرا الا في حکم ، و لا اوخر لکم حقا عن محله ، [7] و لا اقف به دون مقطعه ، و ان تکونوا عندي في الحق سواء، [8] فاذا فعلت ذلک وجبت لله عليکم النعمه ، ولي عليکم الطاعه ، [9] و الا تنکصوا عن دعوه ، و لا تفرطوا في صلاح و ان تخوضوا الغمرات الي الحق ، [10] فان انتم لم تستقيموا لي علي ذلک لم يکن احد اهون علي ممن اعوج منکم ، [11] ثم اعظم له العقوبه ، و لا يجد عندي فيها رخصه ، [12] فخذوا هذا من امرائکم ، و اعطوهم من انفسکم ما يصلح الله به امرکم و السلام",نامه
51,"و من کتاب له عليه السلام [1] الي عماله علي الخراج [2] من عبد الله علي امير المؤمنين الي اصحاب الخراج : [3] اما بعد ، فان من لم يحذر ما هو صائر اليه لم يقدم لنفسه ما يحرزها [4] و اعلموا ان ما کلفتم به يسير ، و ان ثوابه کثير ، [5] و لو لم يکن فيما نهي الله عنه من البغي و العدوان عقاب يخاف [6] لکان في ثواب اجتنابه ما لا عذر في ترک طلبه فانصفوا الناس من انفسکم ، [7] و اصبروا لحوائجهم ، فانکم خزان الرعيه ، ووکلاء الامه ، و سفراء الائمه [8] و لا تحشموا احدا عن حاجته ، و لا تحبسوه عن طلبته ، [9] و لا تبيعن للناس في الخراج کسوه شتاء و لا صيف ، و لا دابه يعتملون عليها ، و لا عبدا [10] و لا تضربن احدا سوطا لمکان درهم ، [11] و لا تمسن مال احد من الناس ، مصل و لا معاهد ، [12] الا ان تجدوا فرسا او سلاحا يعدي به علي اهل الاسلام ، [13] فانه لا ينبغي للمسلم ان يدع ذلک في ايدي اعداء الاسلام ، فيکون شوکه عليه [14] و لا تدخروا انفسکم نصحيه ، و لا الجند حسن سيره ، و لا الرعيه معونه ، و لا دين الله قوه [15] و ابلوا في سبيل الله ما استوجب عليکم ، فان الله سبحانه قد اصطنع عندنا و عندکم ان نشکره بجهدنا ، [1] و ان ننصره بما بلغت قوتنا ، و لا قوه الا بالله العلي العظيم",نامه
52,"و من کتاب له عليه السلام [2] الي امراء البلاد في معني الصلاه [3] امابعد ، فصلوا بالناس الظهر حتي تفي ء الشمس من مربض العنز ، [4] و صلوا بهم العصر و الشمس بيضاء حيه في عضو من النهار [5] حين يسار فيها فرسخان ، و صلوا بهم المغرب حين يفطر الصائم ، [6] و يدفع الحاج الي مني و صلوا بهم العشاء حين يتواري الشفق الي ثلث الليل ، [7] و صلوا بهم الغداه و الرجل يعرف وجه صاحبه ، [8] و صلوا بهم صلاه اضعفهم ، و لا تکونوا فتانين",نامه
53,,نامه
54,"و من کتاب له عليه السلام [11] الي طلحه و الزبير [ مع عمران بن الحصين الخزاعي ] ذکره ابو جعفرالاسکافي في کتاب [[المقامات ] ] في مناقب امير المؤمنين عليه السلام [12] اما بعد ، فقد علمتما ، و ان کتمتما ، اني لم ارد الناس حتي ارادوني [13] و لم ابايعهم حتي بايعوني و انکما ممن ارادني و بايعني ، [14] و ان العامه لم تبايعني لسلطان غالب ، و لا لعرض حاضر ، [1] فان کنتما بايعتماني طائعين ، فارجعا و توبا الي الله من قريب ، [2] و ان کنتما بايعتماني کارهين ، فقد جعلتما لي عليکما السبيل [3] باظهارکما الطاعه ، و اسرار کما المعصيه و لعمري ما کنتما باحق المهاجرين بالتقيه و الکتمان ، [4] و ان دفعکما هذا الامر من قبل ان تدخلا فيه ، [5] کان اوسع عليکما من خروجکما منه ، بعد اقرارکما به [6] و قد زعمتما اني قتلت عثمان ، فبيني و بينکما من تخلف عني و عنکما من اهل المدينه ، [7] ثم يلزم کل امري ء بقدر ما احتمل [8] فارجعا ايها الشيخان عن رايکما ، فان الان اعظم امرکما العار ، من قبل ان يتجمع العار و النار ، و السلام",نامه
55,"و من کتاب له عليه السلام [9] الي معاويه [10] اما بعد ، فان الله سبحانه قد جعل الدنيا لما بعدها ، وابتلي فيها اهلها ، [11] ليعلم ايهم احسن عملا ، و لسنا للدنيا خلقنا ، و لا بالسعي فيها امرنا ، [12] و انما وضعنا فيها لنبتلي بها ، و قد ابتلاني الله بک و ابتلاک بي : [13] فجعل احدنا حجه علي الاخر ، فعدوت علي الدنيا بتاويل القرآن ، [14] فطلبتني بما لم تجن يدي و لا لساني ، و عصيته انت و اهل الشام بي ، [15] و الب عالمکم جاهلکم ، و قائمکم قاعدکم ، [1] فاتق الله في نفسک ، و نازع الشيطان قيادک ، و اصرف الي الاخره وجهک ، فهي طريقنا و طريقک ، [2] و احذر ان يصيبک الله منه بعاجل قارعه تمس الاصل و تقطع الدابر ، [3] فاني اولي لک بالله اليه غير فاجره ، [4] لئن جمعتني و اياک جوامع الاقدار لا ازال بباحتک [5] [[ حتي يحکم الله بيننا و هو خير الحاکمين ] ]",نامه
56,"و من و کليه له عليه السلام [6] وصي بها شريح بن هاني ء ، لما جعله علي مقدمته الي الشام [7] اتق الله في کل صباح و مساء ، و خف علي نفسک الدنيا الغرور ، [8] و لا تامنها علي حال ، و اعلم انک ان لم تردع نفسک عن کثير مما تحب ، مخافه مکروه ، [9] سمت بک الاهواء الي کثير من الضرر [10] فکن لنفسک مانعا رادعا، و لنزوتک عند الحفيظه واقما قامعا",نامه
57,"و من کتاب له عليه السلام [11] الي اهل الکوفه ، عند مسيره من المدينه الي البصره [12] اما بعد ، فاني خرجت من حيي هذا : اما ظالما و اما مظلوما ، [1] و اما باغيا ، و اما مبغيا عليه ، و اني اذکر الله من بلغه کتابي هذا لما نفر الي ، [2] فان کنت محسنا اعانني ، و ان کنت مسيئا استعتبني",نامه
58,"و من کتاب له عليه السلام [3] کتبه الي اهل الامصار ، يقص فيه ما جري بينه اهل صفين [4] و کان بدء امرنا انا التقينا و القوم من اهل الشام ، و الظاهر ان ربنا واحد ، [5] و نبينا واحد ، و دعوتنا في الاسلام واحده ، [6] و لا نستزيدهم في الايمان بالله و التصديق برسوله و لا يستزيدوننا : [7] الامر واحد الا ما اختلفنا فيه من دم عثمان ، و نحن منه براء فقلنا : [8] تعالوا نداو ما لا يدرک اليوم باطفاء النائره ، و تسکين العامه ، [9] حتي يشتد الامر و يستجمع ، فنقوي علي وضع الحق مواضعه ، [10] فقالوا : بل نداويه بالمکابره فابوا حتي جنحت الحرب و رکدت ، [11] ووقدت نيرانها وحمشت فلما ضرستنا و اياهم ، [12] و وضعت مخالبها فينا و فيهم ، اجابوا عند ذلک الي الذي دعوناهم اليه ، [13] فاجبناهم الي ما دعوا ، و سارعناهم الي ما طلبوا ، [14] حتي اسبانت عليهم الحجه ، و انقطعت منهم المعذره [15] فمن تم علي ذلک منهم فهو الذي انقذه الله من الهلکه ، و من لج و تمادي فهو [1] الراکس الذي ران الله علي قلبه ، و صارت دائره السوء علي راسه",نامه
59,"و من کتاب له عليه السلام [2] الي الاسود بن قطبه صاحب جند حلوان [3] اما بعد ، فان الوالي اذا اختلف هواه منعه ذلک کثيرا من العدل ، [4] فليکن امر الناس عندک في الحق سواء ، فانه ليس في الجور عوض من العدل ، [5] فاجتنب ما تنکر امثاله ، و ابتذل نفسک فيما افترض الله عليک ، راجيا ثوابه ، و متخوفا عقابه [6] و اعلم ان الدنيا دار بليه لم يفرغ صاحبها فيها قط ساعه الا کانت فرغته عليه حسره يوم القيامه ، [7] و انه لن يغنيک عن الحق شي ء ابدا ، [8] و من الحق عليک حفظ نفسک ، و الاحتساب علي الرعيه بجهدک ، [9] فان الذي يصل اليک من ذلک افضل من الذي يصل بک ، و السلام",نامه
60,"و من کتاب له عليه السلام [10] الي العمال الذين يطا الجيش عملهم [11] من عبد الله علي امير المؤمنين الي من مربه الجيش من جباه الخراج و عمال البلاد [نهج البلاغه م 29 ] [1] اما بعد ، فاني قد سيرت جنودا هي ماره بکم ان شاء الله ، [2] و قد اوصيتهم بما يجب لله عليهم من کف الاذي ، و صرف الشذي ، [3] و انا ابرا اليکم و الي ذمتکم من معره الجيش ، الا من جوعه المضطر ، [4] لا يجد عنها مذهبا الي شبعه فنکلوا من تناول منهم شيئا ظلما عن ظلمهم ، [5] و کفوا ايدي سفهائکم عن مضارتهم ، و التعرض لهم فيما استثنيناه منهم [6] و انا بين اظهر الجيش ، فارفعوا الي مظالمکم ، و ما عراکم مما يغلبکم من امرهم ، [7] و ما لا تطيقون دفعه الا بالله و بي ، فانا اغيره بمعونه الله ، ان شاء الله",نامه
61,"و من کتاب له عليه السلام [8] الي کميل بن زياد النخعي ، و هو علي هيت ، ينکر عليه ترکه دفع من يجتاز به من جيش العدو طالبا الغاره [9] امابعد ، فان تضييع المرء ما و لي ، و تکلفه ما کفي ، لعجز حاضر ، و راي متبر [10] و ان تعاطيک الغاره علي اهل قرقيسيا ، و تعطيلک مسالحک التي و ليناک [11] ليس بها من يمنعها ، و لا يرد الجيش عنها لراي شعاع [12] فقد صرت جسرا لمن اراد الغاره من اعدائک علي اوليائک ، [13] غير شديد المنکب ، و لا مهيب الجانب ، [1] و لا ساد ثغره ، و لا کاسرلعدو شوکه ، و لا مغن عن اهل مصره ، و لا مجز عن اميره",نامه
62,"و من کتاب له عليه السلام [2] الي اهل مصر ، مع مالک الاشتر لما ولاه امارتها [3] اما بعد ، فان الله سبحانه بعث محمدا صلي الله عليه و آله و سلم نذيرا للعالمين ، و مهيمنا علي المرسلين [4] فلما مضي عليه السلام تنازع المسلمون الامر من بعده [5] فوالله ما کان يلقي في روعي و لا يخطر ببالي ، [6] ان العرب تزعج هذا الامر من بعده صلي الله عليه و آله و سلم عن اهل بيته ، [7] و لا انهم منحوه عني من بعده [8] فما راعني الا انثيال الناس علي فارن يبايعونه ، [9] فامسکت يدي حتي رايت راجعه الناس قد رجعت عن الاسلام ، [10] يدعون الي محق دين محمد صلي الله عليه و آله و سلم [11] فخشيت ان لم انصر الاسلام و اهله ان اري فيه ثلما او هدما ، [12] تکون المصيبه به علي اعظم من فوت ولايتکم التي انما هي متاع ايام قلائل ، [13] يزول منها ما کان ، کما يزول السراب ، او کما يتقشع السحاب ، [14] فنهضت في تلک الاحداث حتي زاح الباطل وزهق ، و اطمان الدين و تنهنه [1] و منه : اني و الله لو لقيتهم واحدا و هم طلاع الارض کلها ما باليت و لا استوحشت ، [2] و اني من ضلالهم الذي هم فيه و الهدي الذي انا عليه [3] لعلي بصيره من نفسي و يقين من ربي و اني الي لقاء الله لمشتاق ، [4] و حسن ثوابه لمنتظر راج ، و لکنني آسي ان يلي امره هذه الامه سفهاؤها و فجارها ، [5] فيتخذوا مال الله دولا ، و عباده خولا [6] و الصالحين حربا ، و الفاسقين حزبا ، [7] فان منهم الذي قد شرب فيکم الحرام ، و جلد حدا في الاسلام ، [8] و ان منهم من لم يسلم حتي رضخت له علي الاسلام الرضائخ [9] فلو لا ذلک ما اکثرت تاليبکم و تانيبکم ، و جمعکم و تحريضکم ، [10] و لترکتکم اذ ابيتم وونيتم [11] الا ترون الي اطرافکم قد انتقصت ، و الي امصارکم قد افتتحت ، [12] و الي ممالککم تزوي و الي بلادکم تغزي [13] انفروا رحمکم الله الي قتال عدوکم ، و لا تثاقلوا الي الارض [14] فتقروا بالخسف ، و تبووؤا بالذل ، و يکون نصيبکم الاخس ، [15] و ان اخا الحرب الارق ، و من نام لم ينم عنه ، و السلام",نامه
63,"و من کتاب له عليه السلام [1] الي ابي موسي الاشعري ، و هو عامله علي الکوفه ، و قد عنه تثبيطه الناس عن الخروج اليه لما ندبهم لحرب اصحاب الجمل [2] من عبد الله علي امير المؤمنين الي عبد الله بن قيس [3] اما بعد ، فقد بلغني عنک قول هو و عليک ، فاذا قدم رسولي عليک فارفع ذيلک ، [4] و اشدد مئزرک و اخرج من جحرک ، [5] و اندب من معک ، فان حققت فانفذ ، و ان تفشلت فابعد [6] و ايم الله لتؤتين من حيث انت ، و لا تترک حتي يخلط زبدک بخاثرک ، و ذائبک بجامدک ، [7] و حتي تعجل عن قعدتک ،[8] و تحذر من امامک کحذرک من خلفک ، و ما هي بالهويني التي ترجو ، [9] و لکنها الداهيه الکبري ، يرکب جملها ، و يذلل صعبها ، و يسهل جبلها [10] فاعقل عقلک ، و املک امرک ، و خذ نصيبک و حظک [11] فان کرهت فتنح الي غير رحب و لا في نجاه ، فبالحري لتکفين و انت نائم ، [12] حتي لا يقال : اين فلان ? و الله انه لحق مع محق ، و ما ابالي ما صنع الملحدون ، و السلام",نامه
64,"و من کتاب له عليه السلام [1] الي معاويه ، جوابا[2] اما بعد ، فانا کنا نحن و انتم علي ماذکرت من الالفه و الجماعه ، [3] ففرق بيننا و بينکم امس انا آمنا و کفرتم ، و اليوم انا استقمنا و فتنتم ، [4] و ما اسلم مسلمکم الا کرها ، و بعد ان کان انف الاسلام کله لرسول الله صلي الله عليه و آله و سلم ، حزبا [5] و ذکرت اني قتلت طلحه و الزبير ، و شردت بعائشه ، و نزلت بين المصرين [6] و ذلک امر غبت عنه فلا عليک ، و لا العذر فيه اليک [7] و ذکرت انک زائري في المهاجرين و الانصار ، [8] و قد انقطعت الهجره يوم اسر اخوک ، فان کان فيه عجل فاسترفه ، [9] فاني ان ازرک فذلک جدير ان يکون الله انما بعثني اليک للنقمه منک [10] و ان تزرني فکما قال اخو بني اسد :[11] مستقبلين رياح الصيف تضربهم بحاصب بين اغوار وجلمود [12] و عندي السيف الذي اعضصته بجدک و خالک و اخيک في مقام ، واحد [1] و انک و الله ما علمت الاغلف القلب ، المقارب العقل ، [2] و الاولي ان يقال لک : انک رقيت سلما اطلعک مطلع سوء عليک لا لک ، [3] لانک نشدت غير ضالتک ، و رعيت غير سائمتک ، [4] و طلبت امرا لست من اهله و لا في معدنه ، فما ابعد قولک من فعلک [5] و قريب ما اشبهت من اعمام و اخوال [6] حملتهم الشقاوه ، و تمني الباطل ، علي الجحود بمحمد صلي الله عليه و آله و سلم [7] فصرعوا مصارعهم حيث علمت ، لم يدفعوا عظيما ، [8] و لم يمنعوا حريما ، بوقع سيوف ما خلا منها الوغي ، ولم تماشها الهويني [9] و قد اکثرت في قتله عثمان ، فادخل فيما دخل فيه الناس ، [10] ثم حاکم القوم الي ، احملک و اياهم علي کتاب الله تعالي ، [11] و اما تلک التي تريد فانها خدعه الصبي عن اللبن في اول الفصال ، [12] و السلام لاهله",نامه
65,"و من کتاب له عليه السلام [13] اليه ايضا[14] اما بعد ، فقد آن لک ان تنتفع باللمح الباصر من عيان الامور ، [15] فقد سلکت مدارج اسلافک بادعائک ، الاباطيل ، [1] و اقتحامک غرور المين و الاکاذيب ، و بانتحالک ما قد علا عنک ، [2] و ابتزازک لما قد اختزن دونک ، فرارا من الحق ، [3] وجحودا لما هو الزم لک من لحمک و دمک ، مما قد وعاه سمعک ، [4] و ملي ء به صدرک ، فماذا بعد الحق الا الضلال المبين ، [5] و بعد البيان الا اللبس ? فاحذر الشبهه و اشتمالها علي لبستها ، [6] فان الفتنه طالما اغدفت جلابيبها ، و اغشت الابصار ظلمتها [7] و قد اتاني کتاب منک ذو افانين من القول ضعفت قواها عن السلم ، [8] و اساطير لم يحکها منک علم و لا حلم ، [9] اصبحت منها کالخائض في الدهاس ، و الخابط في الديماس ، [10] و ترقيت الي مرقبه بعيده المرام ، نازحه الاعلام ، تقصر دونها الانوق و يحاذي بها العيوق [11] و حاش لله ان تلي للمسلمين بعدي صدرا او وردا ، او اجري لک علي احد منهم عقدا او عهدا [12] فمن الان فتدارک نفسک ، و انظر لها ،[13] فانک ان فرطت حتي ينهد اليک عباد الله ارتجت عليک الامور [14] و منعت امرا هو منک اليوم مقبول ، و السلام",نامه
66,"و من کتاب له عليه السلام [1] الي عبد الله بن العباس ، و قد تقدم ذکره بخلاف هذه الروايه [2] اما بعدفان المرء ليفرح بالشي ء الذي لم يکن ليفوته ، [3] و يحزن علي الشي ء الذي لم يکن ليصيبه ، فلا يکن افضل ما نلت في نفسک من دنياک بلوغ لذه او شفاء غيظ ، [4] و لکن اطفاء باطل او احياء حق [5] و ليکن سرورک بما قدمت ، و اسفک علي ما خلفت ، و همک فيما بعد الموت",نامه
67,"و من کتاب له عليه السلام [6] الي قثم بن العباس ، و هو عامله علي مکه [7] اما بعد ، فاقم للناس الحج و ذکرهم بايام الله ، و اجلس لهم العصرينه ، [8] فافت المستفتي ، و علم الجاهل ، و ذاکر العالم ، [9] و لايکن لک الي الناس سفير الا لسانک ، و لا حاجب الا وجهک [10] و لا تحجبن ذا حاجه عن لقائک بها ، فانها ان ذيدت عن ابوابک في اول وردها لم تحمد فيما بعد علي قضائها [11] و انظر الي ما اجتمع عندک من مال الله فاصرفه الي من قبلک [1] من ذوي العيال و المجاعه ، مصيبا به مواضع الفاقه و الخلات ، [2] و ما فضل عن ذلک فاحمله الينا لنقسمه فيمن قبلنا [3] و مر اهل مکه الا ياخذوا من ساکن اجرا ، فان الله سبحانه يقول : [4] [[ سواء العاکف فيه و الباد ] ] فالعاکف : المقيم به ، [5] و البادي : الذي يحج اليه من غير اهله وفقنا الله و اياکم لمحابه ، و السلام",نامه
68,"و من کتاب له عليه السلام [6] الي سلمان الفارسي رحمه الله قبل ايام خلافته [7] اما بعد ، فانما مثل الدنيا مثل الحيه : لين مسها ، قاتل سمها ، [8] فاعرض عما يعجبک فيها ، لقله ما يصحبک منها ، وضع عنک همومها ، [9] لما ايقنت به من فراقها ، و تصرف حالاتها ، و کن آنس ما تکون بها ، [10] احذر ما تکون منها، فان صاحبها کلما اطمان فيها الي سرور اشخصته عنه الي محذور ، [11] او الي ايناس ازالته عنه الي ايحاش و السلام",نامه
69,"و من کتاب له عليه السلام [1] الي الحارث الهمذاني [2] و تمسک بحبل القرآن و استنصحه ، و احل حلاله ،و حرم حرامه ، [3] و صدق بما سلف من الحق ، و اعتبر بما مضي من الدنيا لما بقي منها ، [4] فان بعضها يشبه بعضا ، و آخرها لاحق باولها و کلها حائل مفارق [5] و عظم اسم الله ان تذکره الا علي حق ، [6] و اکثر ذکر الموت و ما بعد الموت ، و لا تتمن الموت الا بشرط وثيق [7] و احذر کل عمل يرضاه صاحبه لنفسه ، و يکره لعامه المسلمين [8] و احذر کل عمل يعمل به في السر ، و يستحي منه في العلانيه ، [9] و احذر کل عمل اذا سئل عنه صاحبه انکره او اعتذر منه [10] و لا تجعل عرضک غرضا لنبال القول ، و لا تحدث الناس بکل ما سمعت به ، [11] فکفي بذلک کذبا و لا ترد علي الناس کل ما حدثوک به ، فکفي بذلک جهلا [12] و اکظم الغيظ ، و تجاوز عند المقدره و احلم عند الغضب ، [13] و اصفح مع الدوله ، تکن لک العاقبه و استصلح کل نعمه انعمها الله عليک ، [14] و لا تضيعن نعمه من نعم الله عندک ، و لير عليک اثر ما انعم الله به عليک [15] و اعلم ان افضل المؤمنين افضلهم تقدمه من نفسه و اهله و ماله ، [1] فانک ما تقدم من خير يبق لک ذخره ، و ما تؤخره يکن لغيرک خيره [2] و احذر صحابه من يفيل رايه ، و ينکر عمله ، فان الصاحب معتبر بصاحبه [3] و اسکن الامصار العظام فانها جماع المسلمين ، [4] و احذر منازل الغفله و الجفاء و قله الاعوان علي طاعه الله و اقصر رايک علي ما يعنيک [5] و اياک و مقاعد الاسواق ، فانها محاضر الشيطان ، و معاريض الفتن [6] و اکثر ان تنظر الي من فضلت عليه ، فان ذلک من ابواب الشکر ، [7] و لا تسافر في يوم جمعه حتي تشهد الصلاه الا فاصلا في سبيل الله ، او في امر تعذر به [8] و اطع الله في جميع امورک ، فان طاعه الله فاضله علي ماسواها [9] و خادع نفسک في العباده ، و ارفق بها و لا تقهرها ، و خذ عفوها و نشاطها ، [10] الا ما کان مکتوبا عليک من الفريضه ، فانه لابد من قضائها و تعاهدها عند محلها [11] و اياک ان ينزل بک الموت و انت آبق من ربک في طلب الدنيا [12] و اياک و مصاحبه الفساق ، فان الشر بالشر ملحق [13] ووقر الله و احبب احباءه و احذر الغضب ، فانه جند عظيم من جنود ابليس ، و السلام",نامه
70,"و من کتاب له عليه السلام [1] الي سهل بن حنيف الانصاري ، و هو عامله علي المدينه ، في معني قوم من اهلها لحقوا بمعاويه [2] اما بعد ، فقد بلغني ان رجلا ممن قبلک يتسللون الي معاويه ، [3] فلا تاسف علي ما يفوتک من عددهم ، و يذهب عنک من مددهم ، [4] فکفي لهم غيا ، و لک منهم شافيا ، فرارهم من الهدي و الحق و ايضاعهم الي العمي و الجهل ، [5] و انما هم اهل دنيا مقبلون عليها ، و مهطعون اليها ، [6] و قد عرفوا العدل وراوه ، و سمعوه ، و وعوه ، [7] و علموا ان الناس عندنا في الحق اسوه ، فهربوا الي الاثره ، [8] فبعدا لهم و سحقا [9] انهم و الله لم ينفروا من جور ، و لم يلحقوا بعدل ، [10] و انا لنطمع في هذا الامر ان يذل الله لنا صعبه ، و يسهل لنا حزنه ، ان شاء الله ، و السلام",نامه
71,"و من کتاب له عليه السلام [11] الي المنذر بن الجارود العبدي ، و قدخان في بعض ما ولاه من اعماله [12] اما بعد ، فان صلاح ابيک غرني منک ، و ظننت انک تتبع هديه ، [1] و تسلک سبيله ، فاذا انت فيما رقي الي عنک لا تدع لهواک انقيادا ، [2] و لا تبقي لاخرتک عتادا تعمر دنياک بخراب آخرتک ، [3] و تصل عشير تک بقطيعه دينک و لئن کان ما بلغني عنک حقا ، [4] لجمل اهلک و شسع نعلک خير منک ، و من کان بصفتک فليس باهل ان يسد به ثغر ، [5] او ينفذ به امر ، او يعلي له قدر ، او يشرک في امانه ، [6] او يؤمن علي جبايه ، فاقبل الي حين يصل اليک کتابي هذا ، ان شاء الله [7] قال الرضي : و المنذر بن الجارود هذا هو الذي قال فيه امير المؤمنين عليه السلام : انه لنظار في عطفيه مختال في برديه تفتال في شراکيه",نامه
72,"و من کتاب له عليه السلام [8] الي عبد الله بن العباس [9] اما بعد ، فانک لست بسابق اجلک ، و لا مرزوق ما ليس لک ، [10] و اعلم بان الدهر يومان : يوم لک ويوم عليک ،و ان الدنيا دار دول ، [11] فما کان منها لک اتاک علي ضعفک ، و ما کان منها عليک لم تدفعه بقوتک",نامه
73,"و من کتاب له عليه السلام [1] الي معاويه [2] اما بعد ، فاني علي التردد في جوابک ، و الاستماع الي کتابک ، [3] لموهن رايي ، و مخطي ء فراستي و انک اذ تحاولني الامور [4] و تراجعني السطور کالمستثقل النائم تکذبه احلامه ، [5] و المتحير القائم يبهظه مقامه ، لا يدري اله ما ياتي ام عليه ، [6] و لست به ، غير انه بک شبيه و اقسم بالله انه لولا بعض الاستبقاء ، [7] لوصلت اليک مني قوارع ، تقرع العظم ، و تهلس اللحم [8] و اعلم ان الشيطان قد ثبطک عن ان تراجع احسن امورک ، [9] و تاذن لمقال نصيحتک ، و السلام لاهله",نامه
74,"و من حلف له عليه السلام [10] کتبه بين ربيعه و اليمن ، و نقل من خط هشام بن الکلبي [11] هذا ما اجتمع عليه اهل اليمن حاضرها و باديها ، و ربيعه حاضرها ، [12] انهم علي کتاب الله يدعون اليه ، و يامرون به ، [13] و يجيبون من دعا اليه و امر به ، لا يشترون به ثمنا ، و لا يرضون به بدلا ، [1] و انهم يد واحده علي من خالف ذلک و ترکه ، انصار بعضهم لبعض : [2] دعوتهم واحده ، لا ينقضون عهدهم لمعتبه عات ، [3] و لا لغضب غاضب ، و لا لاستذلال قوم قوما ، و لا لمسبه قوم قوما [4] علي ذلک شاهدهم و غائبهم ، و سفيههم و عالمهم ، و حليمهم و جاهلهم [5] ثم ان عليهم بذلک عهد الله و ميثاقه [[ ان عهد الله کان مسؤولا ] ] [6] و کتب : علي بن ابي طالب",نامه
75,"و من کتاب له عليه السلام [7] الي معاويه في اول ما بويع له ذکره الواقدي في کتاب [[ الجمل ] ] [8] من عبد الله علي امير المؤمنين الي معاويه بن ابي سفيان : [9] اما بعد ، فقد علمت اعذاري فيکم ، و اعراضي عنکم ، [10] حتي کان ما لا بد منه دفع له ، و والحديث طويل ، و الکلام کثير ، [11] و قدادبر ما ادبر ، و اقبل ما اقبل .[12] فبايع من قبلک ، و اقبل الي في وفد من اصحابک و السلام",نامه
76,"و من وصيه له عليه السلام [1] لعبد الله بن العباس ، عند استخلافه اياه علي البصره [2] سع الناس بوجهک و مجلسک و حکمک ، و اياک و الغضب فانه طيره من الشيطان [3] و اعلم ان ما قربک من الله يباعدوک من النار ، [4] و ما با عدک من الله يقربک من النار",نامه
77,"و من وصيه له عليه السلام [5] لعبد الله بن العباس ، لما بعثه للاحتجاج علي الخوارج [6] لا تخاصمهم بالقرآن ، فان القرآن حمال ذو وجوه ، تقول و يقولون ، [7] ولکن حاججهم بالسنه ، فانهم لن يجدوا عنها محيصا",نامه
78,"و من کتاب له عليه السلام [8] الي ابي موسي الاشعري جوابافي امر الحکمين ، ذکره سعيد بن يحيي الاموي في کتاب [[ المغازي ] ] [9] فان الناس قد تغير کثير منهم عن کثير من حظهم . فمالوا مع الدنيا ، [10] و نطقوا بالهوي و اني نزلت من هذا الامر منزلا معجبا ، [ نهج البلاغه م 30 ] [1] اجتمع به اقوام اعجبتهم انفسهم و انا اداوي منهم قرحا اخاف ان يکون علقا [2] و ليس رجل فاعلم احرص علي جماعه امه محمد صلي الله عليه و آله و سلم و الفتها مني ، [3] ابتغي بذلک حسن الثواب ، و کرم الماب [4] و سافي بالذي وايت علي نفسي ، و ان تغيرت عن صالح ما فارقتني عليه ، [5] فان الشقي من حرم نفع ما اوتي من العقل ، و التجربه ، [6] و اني لاعبد ان يقول قائل بباطل ، و ان افسد امرا قد اصلحه الله [7] فدع ما لا تعرف ، فان اشرار الناس طائرون اليک باقاويل السوء ، و السلام",نامه
79,"و من کتاب له عليه السلام [8] لما استخلف ،الي امراء الاجناد [9] امابعدفانما اهلک من کان قبلکم انهم منعوا الناس الحق فاشتروه ، [10] و اخذوهم بالباطل فاقتدوه",نامه
